--
-- PostgreSQL database dump
--

\restrict D1jKC2A6P2pRSvcOv4ajsm6rgwvSWyfBTh0kx6Nj2nEHn4be3SbJM5irvqdTSGR

-- Dumped from database version 15.17
-- Dumped by pg_dump version 15.17

SET statement_timeout = 0;
SET lock_timeout = 0;
SET idle_in_transaction_session_timeout = 0;
SET client_encoding = 'UTF8';
SET standard_conforming_strings = on;
SELECT pg_catalog.set_config('search_path', '', false);
SET check_function_bodies = false;
SET xmloption = content;
SET client_min_messages = warning;
SET row_security = off;

SET default_tablespace = '';

SET default_table_access_method = heap;

--
-- Name: auth_group; Type: TABLE; Schema: public; Owner: postgres
--

CREATE TABLE public.auth_group (
    id integer NOT NULL,
    name character varying(150) NOT NULL
);


ALTER TABLE public.auth_group OWNER TO postgres;

--
-- Name: auth_group_id_seq; Type: SEQUENCE; Schema: public; Owner: postgres
--

ALTER TABLE public.auth_group ALTER COLUMN id ADD GENERATED BY DEFAULT AS IDENTITY (
    SEQUENCE NAME public.auth_group_id_seq
    START WITH 1
    INCREMENT BY 1
    NO MINVALUE
    NO MAXVALUE
    CACHE 1
);


--
-- Name: auth_group_permissions; Type: TABLE; Schema: public; Owner: postgres
--

CREATE TABLE public.auth_group_permissions (
    id bigint NOT NULL,
    group_id integer NOT NULL,
    permission_id integer NOT NULL
);


ALTER TABLE public.auth_group_permissions OWNER TO postgres;

--
-- Name: auth_group_permissions_id_seq; Type: SEQUENCE; Schema: public; Owner: postgres
--

ALTER TABLE public.auth_group_permissions ALTER COLUMN id ADD GENERATED BY DEFAULT AS IDENTITY (
    SEQUENCE NAME public.auth_group_permissions_id_seq
    START WITH 1
    INCREMENT BY 1
    NO MINVALUE
    NO MAXVALUE
    CACHE 1
);


--
-- Name: auth_permission; Type: TABLE; Schema: public; Owner: postgres
--

CREATE TABLE public.auth_permission (
    id integer NOT NULL,
    name character varying(255) NOT NULL,
    content_type_id integer NOT NULL,
    codename character varying(100) NOT NULL
);


ALTER TABLE public.auth_permission OWNER TO postgres;

--
-- Name: auth_permission_id_seq; Type: SEQUENCE; Schema: public; Owner: postgres
--

ALTER TABLE public.auth_permission ALTER COLUMN id ADD GENERATED BY DEFAULT AS IDENTITY (
    SEQUENCE NAME public.auth_permission_id_seq
    START WITH 1
    INCREMENT BY 1
    NO MINVALUE
    NO MAXVALUE
    CACHE 1
);


--
-- Name: authentication_appointment; Type: TABLE; Schema: public; Owner: postgres
--

CREATE TABLE public.authentication_appointment (
    id bigint NOT NULL,
    object_id integer NOT NULL,
    service_type character varying(50) NOT NULL,
    patient_name character varying(255) NOT NULL,
    patient_phone character varying(20) NOT NULL,
    appointment_date date NOT NULL,
    appointment_time time without time zone NOT NULL,
    status character varying(20) NOT NULL,
    created_at timestamp with time zone NOT NULL,
    content_type_id integer NOT NULL,
    user_id bigint NOT NULL,
    CONSTRAINT authentication_appointment_object_id_check CHECK ((object_id >= 0))
);


ALTER TABLE public.authentication_appointment OWNER TO postgres;

--
-- Name: authentication_appointment_id_seq; Type: SEQUENCE; Schema: public; Owner: postgres
--

ALTER TABLE public.authentication_appointment ALTER COLUMN id ADD GENERATED BY DEFAULT AS IDENTITY (
    SEQUENCE NAME public.authentication_appointment_id_seq
    START WITH 1
    INCREMENT BY 1
    NO MINVALUE
    NO MAXVALUE
    CACHE 1
);


--
-- Name: authentication_payment; Type: TABLE; Schema: public; Owner: postgres
--

CREATE TABLE public.authentication_payment (
    id bigint NOT NULL,
    transaction_id character varying(255) NOT NULL,
    amount numeric(10,2) NOT NULL,
    method character varying(20) NOT NULL,
    status character varying(20) NOT NULL,
    created_at timestamp with time zone NOT NULL,
    appointment_id bigint NOT NULL
);


ALTER TABLE public.authentication_payment OWNER TO postgres;

--
-- Name: authentication_payment_id_seq; Type: SEQUENCE; Schema: public; Owner: postgres
--

ALTER TABLE public.authentication_payment ALTER COLUMN id ADD GENERATED BY DEFAULT AS IDENTITY (
    SEQUENCE NAME public.authentication_payment_id_seq
    START WITH 1
    INCREMENT BY 1
    NO MINVALUE
    NO MAXVALUE
    CACHE 1
);


--
-- Name: authentication_user; Type: TABLE; Schema: public; Owner: postgres
--

CREATE TABLE public.authentication_user (
    id bigint NOT NULL,
    password character varying(128) NOT NULL,
    last_login timestamp with time zone,
    is_superuser boolean NOT NULL,
    phone_number character varying(20) NOT NULL,
    name character varying(100),
    email character varying(254),
    is_active boolean NOT NULL,
    is_staff boolean NOT NULL,
    is_verified boolean NOT NULL,
    created_at timestamp with time zone NOT NULL,
    updated_at timestamp with time zone NOT NULL,
    district character varying(100),
    profile_picture character varying(100),
    district_bn character varying(100),
    district_en character varying(100),
    name_bn character varying(100),
    name_en character varying(100)
);


ALTER TABLE public.authentication_user OWNER TO postgres;

--
-- Name: authentication_user_groups; Type: TABLE; Schema: public; Owner: postgres
--

CREATE TABLE public.authentication_user_groups (
    id bigint NOT NULL,
    user_id bigint NOT NULL,
    group_id integer NOT NULL
);


ALTER TABLE public.authentication_user_groups OWNER TO postgres;

--
-- Name: authentication_user_groups_id_seq; Type: SEQUENCE; Schema: public; Owner: postgres
--

ALTER TABLE public.authentication_user_groups ALTER COLUMN id ADD GENERATED BY DEFAULT AS IDENTITY (
    SEQUENCE NAME public.authentication_user_groups_id_seq
    START WITH 1
    INCREMENT BY 1
    NO MINVALUE
    NO MAXVALUE
    CACHE 1
);


--
-- Name: authentication_user_id_seq; Type: SEQUENCE; Schema: public; Owner: postgres
--

ALTER TABLE public.authentication_user ALTER COLUMN id ADD GENERATED BY DEFAULT AS IDENTITY (
    SEQUENCE NAME public.authentication_user_id_seq
    START WITH 1
    INCREMENT BY 1
    NO MINVALUE
    NO MAXVALUE
    CACHE 1
);


--
-- Name: authentication_user_user_permissions; Type: TABLE; Schema: public; Owner: postgres
--

CREATE TABLE public.authentication_user_user_permissions (
    id bigint NOT NULL,
    user_id bigint NOT NULL,
    permission_id integer NOT NULL
);


ALTER TABLE public.authentication_user_user_permissions OWNER TO postgres;

--
-- Name: authentication_user_user_permissions_id_seq; Type: SEQUENCE; Schema: public; Owner: postgres
--

ALTER TABLE public.authentication_user_user_permissions ALTER COLUMN id ADD GENERATED BY DEFAULT AS IDENTITY (
    SEQUENCE NAME public.authentication_user_user_permissions_id_seq
    START WITH 1
    INCREMENT BY 1
    NO MINVALUE
    NO MAXVALUE
    CACHE 1
);


--
-- Name: django_admin_log; Type: TABLE; Schema: public; Owner: postgres
--

CREATE TABLE public.django_admin_log (
    id integer NOT NULL,
    action_time timestamp with time zone NOT NULL,
    object_id text,
    object_repr character varying(200) NOT NULL,
    action_flag smallint NOT NULL,
    change_message text NOT NULL,
    content_type_id integer,
    user_id bigint NOT NULL,
    CONSTRAINT django_admin_log_action_flag_check CHECK ((action_flag >= 0))
);


ALTER TABLE public.django_admin_log OWNER TO postgres;

--
-- Name: django_admin_log_id_seq; Type: SEQUENCE; Schema: public; Owner: postgres
--

ALTER TABLE public.django_admin_log ALTER COLUMN id ADD GENERATED BY DEFAULT AS IDENTITY (
    SEQUENCE NAME public.django_admin_log_id_seq
    START WITH 1
    INCREMENT BY 1
    NO MINVALUE
    NO MAXVALUE
    CACHE 1
);


--
-- Name: django_content_type; Type: TABLE; Schema: public; Owner: postgres
--

CREATE TABLE public.django_content_type (
    id integer NOT NULL,
    app_label character varying(100) NOT NULL,
    model character varying(100) NOT NULL
);


ALTER TABLE public.django_content_type OWNER TO postgres;

--
-- Name: django_content_type_id_seq; Type: SEQUENCE; Schema: public; Owner: postgres
--

ALTER TABLE public.django_content_type ALTER COLUMN id ADD GENERATED BY DEFAULT AS IDENTITY (
    SEQUENCE NAME public.django_content_type_id_seq
    START WITH 1
    INCREMENT BY 1
    NO MINVALUE
    NO MAXVALUE
    CACHE 1
);


--
-- Name: django_migrations; Type: TABLE; Schema: public; Owner: postgres
--

CREATE TABLE public.django_migrations (
    id bigint NOT NULL,
    app character varying(255) NOT NULL,
    name character varying(255) NOT NULL,
    applied timestamp with time zone NOT NULL
);


ALTER TABLE public.django_migrations OWNER TO postgres;

--
-- Name: django_migrations_id_seq; Type: SEQUENCE; Schema: public; Owner: postgres
--

ALTER TABLE public.django_migrations ALTER COLUMN id ADD GENERATED BY DEFAULT AS IDENTITY (
    SEQUENCE NAME public.django_migrations_id_seq
    START WITH 1
    INCREMENT BY 1
    NO MINVALUE
    NO MAXVALUE
    CACHE 1
);


--
-- Name: django_session; Type: TABLE; Schema: public; Owner: postgres
--

CREATE TABLE public.django_session (
    session_key character varying(40) NOT NULL,
    session_data text NOT NULL,
    expire_date timestamp with time zone NOT NULL
);


ALTER TABLE public.django_session OWNER TO postgres;

--
-- Name: foreign_treatments_country; Type: TABLE; Schema: public; Owner: postgres
--

CREATE TABLE public.foreign_treatments_country (
    id bigint NOT NULL,
    name character varying(100) NOT NULL,
    flag character varying(100) NOT NULL,
    created_at timestamp with time zone NOT NULL,
    name_bn character varying(100),
    name_en character varying(100)
);


ALTER TABLE public.foreign_treatments_country OWNER TO postgres;

--
-- Name: foreign_treatments_country_id_seq; Type: SEQUENCE; Schema: public; Owner: postgres
--

ALTER TABLE public.foreign_treatments_country ALTER COLUMN id ADD GENERATED BY DEFAULT AS IDENTITY (
    SEQUENCE NAME public.foreign_treatments_country_id_seq
    START WITH 1
    INCREMENT BY 1
    NO MINVALUE
    NO MAXVALUE
    CACHE 1
);


--
-- Name: foreign_treatments_hospital; Type: TABLE; Schema: public; Owner: postgres
--

CREATE TABLE public.foreign_treatments_hospital (
    id bigint NOT NULL,
    name character varying(150) NOT NULL,
    icon character varying(100) NOT NULL,
    created_at timestamp with time zone NOT NULL,
    country_id bigint NOT NULL,
    speciality character varying(255),
    name_bn character varying(150),
    name_en character varying(150),
    speciality_bn character varying(255),
    speciality_en character varying(255)
);


ALTER TABLE public.foreign_treatments_hospital OWNER TO postgres;

--
-- Name: foreign_treatments_hospital_id_seq; Type: SEQUENCE; Schema: public; Owner: postgres
--

ALTER TABLE public.foreign_treatments_hospital ALTER COLUMN id ADD GENERATED BY DEFAULT AS IDENTITY (
    SEQUENCE NAME public.foreign_treatments_hospital_id_seq
    START WITH 1
    INCREMENT BY 1
    NO MINVALUE
    NO MAXVALUE
    CACHE 1
);


--
-- Name: foreign_treatments_hospitaldetail; Type: TABLE; Schema: public; Owner: postgres
--

CREATE TABLE public.foreign_treatments_hospitaldetail (
    id bigint NOT NULL,
    banner character varying(100) NOT NULL,
    description text NOT NULL,
    contact_info text NOT NULL,
    created_at timestamp with time zone NOT NULL,
    hospital_id bigint NOT NULL,
    contact_info_bn text,
    contact_info_en text,
    description_bn text,
    description_en text
);


ALTER TABLE public.foreign_treatments_hospitaldetail OWNER TO postgres;

--
-- Name: foreign_treatments_hospitaldetail_id_seq; Type: SEQUENCE; Schema: public; Owner: postgres
--

ALTER TABLE public.foreign_treatments_hospitaldetail ALTER COLUMN id ADD GENERATED BY DEFAULT AS IDENTITY (
    SEQUENCE NAME public.foreign_treatments_hospitaldetail_id_seq
    START WITH 1
    INCREMENT BY 1
    NO MINVALUE
    NO MAXVALUE
    CACHE 1
);


--
-- Name: medical_accessories_accessorycategory; Type: TABLE; Schema: public; Owner: postgres
--

CREATE TABLE public.medical_accessories_accessorycategory (
    id bigint NOT NULL,
    name character varying(100) NOT NULL,
    image character varying(100) NOT NULL,
    created_at timestamp with time zone NOT NULL,
    name_bn character varying(100),
    name_en character varying(100)
);


ALTER TABLE public.medical_accessories_accessorycategory OWNER TO postgres;

--
-- Name: medical_accessories_accessorycategory_id_seq; Type: SEQUENCE; Schema: public; Owner: postgres
--

ALTER TABLE public.medical_accessories_accessorycategory ALTER COLUMN id ADD GENERATED BY DEFAULT AS IDENTITY (
    SEQUENCE NAME public.medical_accessories_accessorycategory_id_seq
    START WITH 1
    INCREMENT BY 1
    NO MINVALUE
    NO MAXVALUE
    CACHE 1
);


--
-- Name: medical_accessories_medicalaccessory; Type: TABLE; Schema: public; Owner: postgres
--

CREATE TABLE public.medical_accessories_medicalaccessory (
    id bigint NOT NULL,
    name character varying(150) NOT NULL,
    image character varying(100) NOT NULL,
    details text NOT NULL,
    contact_details text NOT NULL,
    created_at timestamp with time zone NOT NULL,
    category_id bigint NOT NULL,
    contact_details_bn text,
    contact_details_en text,
    details_bn text,
    details_en text,
    name_bn character varying(150),
    name_en character varying(150)
);


ALTER TABLE public.medical_accessories_medicalaccessory OWNER TO postgres;

--
-- Name: medical_accessories_medicalaccessory_id_seq; Type: SEQUENCE; Schema: public; Owner: postgres
--

ALTER TABLE public.medical_accessories_medicalaccessory ALTER COLUMN id ADD GENERATED BY DEFAULT AS IDENTITY (
    SEQUENCE NAME public.medical_accessories_medicalaccessory_id_seq
    START WITH 1
    INCREMENT BY 1
    NO MINVALUE
    NO MAXVALUE
    CACHE 1
);


--
-- Name: notifications_quotewiserd; Type: TABLE; Schema: public; Owner: postgres
--

CREATE TABLE public.notifications_quotewiserd (
    id bigint NOT NULL,
    title character varying(255) NOT NULL,
    quote text NOT NULL,
    created_at timestamp with time zone NOT NULL,
    quote_bn text,
    quote_en text,
    title_bn character varying(255),
    title_en character varying(255)
);


ALTER TABLE public.notifications_quotewiserd OWNER TO postgres;

--
-- Name: notifications_quotewiserd_id_seq; Type: SEQUENCE; Schema: public; Owner: postgres
--

ALTER TABLE public.notifications_quotewiserd ALTER COLUMN id ADD GENERATED BY DEFAULT AS IDENTITY (
    SEQUENCE NAME public.notifications_quotewiserd_id_seq
    START WITH 1
    INCREMENT BY 1
    NO MINVALUE
    NO MAXVALUE
    CACHE 1
);


--
-- Name: other_medical_service_medicalservicecategory; Type: TABLE; Schema: public; Owner: postgres
--

CREATE TABLE public.other_medical_service_medicalservicecategory (
    id bigint NOT NULL,
    name character varying(255) NOT NULL,
    image character varying(100) NOT NULL,
    created_at timestamp with time zone NOT NULL,
    name_bn character varying(255),
    name_en character varying(255)
);


ALTER TABLE public.other_medical_service_medicalservicecategory OWNER TO postgres;

--
-- Name: other_medical_service_medicalservicecategory_id_seq; Type: SEQUENCE; Schema: public; Owner: postgres
--

ALTER TABLE public.other_medical_service_medicalservicecategory ALTER COLUMN id ADD GENERATED BY DEFAULT AS IDENTITY (
    SEQUENCE NAME public.other_medical_service_medicalservicecategory_id_seq
    START WITH 1
    INCREMENT BY 1
    NO MINVALUE
    NO MAXVALUE
    CACHE 1
);


--
-- Name: other_medical_service_medicalservicedoctor; Type: TABLE; Schema: public; Owner: postgres
--

CREATE TABLE public.other_medical_service_medicalservicedoctor (
    id bigint NOT NULL,
    name character varying(255) NOT NULL,
    image character varying(100) NOT NULL,
    hospital character varying(255) NOT NULL,
    doctor_details text NOT NULL,
    schedule_time character varying(255) NOT NULL,
    contact_number character varying(20) NOT NULL,
    created_at timestamp with time zone NOT NULL,
    category_id bigint NOT NULL,
    doctor_details_bn text,
    doctor_details_en text,
    hospital_bn character varying(255),
    hospital_en character varying(255),
    name_bn character varying(255),
    name_en character varying(255),
    schedule_time_bn character varying(255),
    schedule_time_en character varying(255)
);


ALTER TABLE public.other_medical_service_medicalservicedoctor OWNER TO postgres;

--
-- Name: other_medical_service_medicalservicedoctor_id_seq; Type: SEQUENCE; Schema: public; Owner: postgres
--

ALTER TABLE public.other_medical_service_medicalservicedoctor ALTER COLUMN id ADD GENERATED BY DEFAULT AS IDENTITY (
    SEQUENCE NAME public.other_medical_service_medicalservicedoctor_id_seq
    START WITH 1
    INCREMENT BY 1
    NO MINVALUE
    NO MAXVALUE
    CACHE 1
);


--
-- Name: package_collaborationscompany; Type: TABLE; Schema: public; Owner: postgres
--

CREATE TABLE public.package_collaborationscompany (
    id bigint NOT NULL,
    name character varying(255),
    icon character varying(100) NOT NULL,
    created_at timestamp with time zone NOT NULL,
    name_bn character varying(255),
    name_en character varying(255)
);


ALTER TABLE public.package_collaborationscompany OWNER TO postgres;

--
-- Name: package_collaborationscompany_id_seq; Type: SEQUENCE; Schema: public; Owner: postgres
--

ALTER TABLE public.package_collaborationscompany ALTER COLUMN id ADD GENERATED BY DEFAULT AS IDENTITY (
    SEQUENCE NAME public.package_collaborationscompany_id_seq
    START WITH 1
    INCREMENT BY 1
    NO MINVALUE
    NO MAXVALUE
    CACHE 1
);


--
-- Name: package_package; Type: TABLE; Schema: public; Owner: postgres
--

CREATE TABLE public.package_package (
    id bigint NOT NULL,
    name character varying(255),
    icon character varying(100) NOT NULL,
    details text,
    contact character varying(255),
    created_at timestamp with time zone NOT NULL,
    contact_bn character varying(255),
    contact_en character varying(255),
    details_bn text,
    details_en text,
    name_bn character varying(255),
    name_en character varying(255)
);


ALTER TABLE public.package_package OWNER TO postgres;

--
-- Name: package_package_id_seq; Type: SEQUENCE; Schema: public; Owner: postgres
--

ALTER TABLE public.package_package ALTER COLUMN id ADD GENERATED BY DEFAULT AS IDENTITY (
    SEQUENCE NAME public.package_package_id_seq
    START WITH 1
    INCREMENT BY 1
    NO MINVALUE
    NO MAXVALUE
    CACHE 1
);


--
-- Name: package_socialmediaservice; Type: TABLE; Schema: public; Owner: postgres
--

CREATE TABLE public.package_socialmediaservice (
    id bigint NOT NULL,
    name character varying(255),
    icon character varying(100) NOT NULL,
    created_at timestamp with time zone NOT NULL,
    name_bn character varying(255),
    name_en character varying(255)
);


ALTER TABLE public.package_socialmediaservice OWNER TO postgres;

--
-- Name: package_socialmediaservice_id_seq; Type: SEQUENCE; Schema: public; Owner: postgres
--

ALTER TABLE public.package_socialmediaservice ALTER COLUMN id ADD GENERATED BY DEFAULT AS IDENTITY (
    SEQUENCE NAME public.package_socialmediaservice_id_seq
    START WITH 1
    INCREMENT BY 1
    NO MINVALUE
    NO MAXVALUE
    CACHE 1
);


--
-- Name: package_socialmediaservices; Type: TABLE; Schema: public; Owner: postgres
--

CREATE TABLE public.package_socialmediaservices (
    id bigint NOT NULL,
    name character varying(255),
    icon character varying(100) NOT NULL,
    created_at timestamp with time zone NOT NULL
);


ALTER TABLE public.package_socialmediaservices OWNER TO postgres;

--
-- Name: package_socialmediaservices_id_seq; Type: SEQUENCE; Schema: public; Owner: postgres
--

ALTER TABLE public.package_socialmediaservices ALTER COLUMN id ADD GENERATED BY DEFAULT AS IDENTITY (
    SEQUENCE NAME public.package_socialmediaservices_id_seq
    START WITH 1
    INCREMENT BY 1
    NO MINVALUE
    NO MAXVALUE
    CACHE 1
);


--
-- Name: popular_service_doctor; Type: TABLE; Schema: public; Owner: postgres
--

CREATE TABLE public.popular_service_doctor (
    id bigint NOT NULL,
    name character varying(255) NOT NULL,
    image character varying(100) NOT NULL,
    designation character varying(255) NOT NULL,
    doctor_details text,
    hospital_id bigint NOT NULL,
    subcategory_id bigint NOT NULL,
    contact_details text,
    doctor_sedule text,
    doctor_fees character varying(255),
    years_of_experience integer,
    designation_bn character varying(255),
    designation_en character varying(255),
    doctor_details_bn text,
    doctor_details_en text,
    name_bn character varying(255),
    name_en character varying(255),
    CONSTRAINT popular_service_doctor_years_of_experience_check CHECK ((years_of_experience >= 0))
);


ALTER TABLE public.popular_service_doctor OWNER TO postgres;

--
-- Name: popular_service_doctor_id_seq; Type: SEQUENCE; Schema: public; Owner: postgres
--

ALTER TABLE public.popular_service_doctor ALTER COLUMN id ADD GENERATED BY DEFAULT AS IDENTITY (
    SEQUENCE NAME public.popular_service_doctor_id_seq
    START WITH 1
    INCREMENT BY 1
    NO MINVALUE
    NO MAXVALUE
    CACHE 1
);


--
-- Name: popular_service_hospital; Type: TABLE; Schema: public; Owner: postgres
--

CREATE TABLE public.popular_service_hospital (
    id bigint NOT NULL,
    name character varying(255) NOT NULL,
    address text,
    contact_details text,
    address_bn text,
    address_en text,
    contact_details_bn text,
    contact_details_en text,
    name_bn character varying(255),
    name_en character varying(255)
);


ALTER TABLE public.popular_service_hospital OWNER TO postgres;

--
-- Name: popular_service_hospital_id_seq; Type: SEQUENCE; Schema: public; Owner: postgres
--

ALTER TABLE public.popular_service_hospital ALTER COLUMN id ADD GENERATED BY DEFAULT AS IDENTITY (
    SEQUENCE NAME public.popular_service_hospital_id_seq
    START WITH 1
    INCREMENT BY 1
    NO MINVALUE
    NO MAXVALUE
    CACHE 1
);


--
-- Name: popular_service_servicecategory; Type: TABLE; Schema: public; Owner: postgres
--

CREATE TABLE public.popular_service_servicecategory (
    id bigint NOT NULL,
    name character varying(255) NOT NULL,
    icon character varying(100),
    banner character varying(100),
    name_bn character varying(255),
    name_en character varying(255)
);


ALTER TABLE public.popular_service_servicecategory OWNER TO postgres;

--
-- Name: popular_service_servicecategory_id_seq; Type: SEQUENCE; Schema: public; Owner: postgres
--

ALTER TABLE public.popular_service_servicecategory ALTER COLUMN id ADD GENERATED BY DEFAULT AS IDENTITY (
    SEQUENCE NAME public.popular_service_servicecategory_id_seq
    START WITH 1
    INCREMENT BY 1
    NO MINVALUE
    NO MAXVALUE
    CACHE 1
);


--
-- Name: popular_service_subcategory; Type: TABLE; Schema: public; Owner: postgres
--

CREATE TABLE public.popular_service_subcategory (
    id bigint NOT NULL,
    name character varying(255) NOT NULL,
    category_id bigint NOT NULL,
    icon character varying(100),
    name_bn character varying(255),
    name_en character varying(255)
);


ALTER TABLE public.popular_service_subcategory OWNER TO postgres;

--
-- Name: popular_service_subcategory_id_seq; Type: SEQUENCE; Schema: public; Owner: postgres
--

ALTER TABLE public.popular_service_subcategory ALTER COLUMN id ADD GENERATED BY DEFAULT AS IDENTITY (
    SEQUENCE NAME public.popular_service_subcategory_id_seq
    START WITH 1
    INCREMENT BY 1
    NO MINVALUE
    NO MAXVALUE
    CACHE 1
);


--
-- Name: slider_sliderone; Type: TABLE; Schema: public; Owner: postgres
--

CREATE TABLE public.slider_sliderone (
    id bigint NOT NULL,
    image character varying(100) NOT NULL,
    created_at timestamp with time zone NOT NULL
);


ALTER TABLE public.slider_sliderone OWNER TO postgres;

--
-- Name: slider_sliderone_id_seq; Type: SEQUENCE; Schema: public; Owner: postgres
--

ALTER TABLE public.slider_sliderone ALTER COLUMN id ADD GENERATED BY DEFAULT AS IDENTITY (
    SEQUENCE NAME public.slider_sliderone_id_seq
    START WITH 1
    INCREMENT BY 1
    NO MINVALUE
    NO MAXVALUE
    CACHE 1
);


--
-- Name: slider_slidertwo; Type: TABLE; Schema: public; Owner: postgres
--

CREATE TABLE public.slider_slidertwo (
    id bigint NOT NULL,
    image character varying(100) NOT NULL,
    created_at timestamp with time zone NOT NULL
);


ALTER TABLE public.slider_slidertwo OWNER TO postgres;

--
-- Name: slider_slidertwo_id_seq; Type: SEQUENCE; Schema: public; Owner: postgres
--

ALTER TABLE public.slider_slidertwo ALTER COLUMN id ADD GENERATED BY DEFAULT AS IDENTITY (
    SEQUENCE NAME public.slider_slidertwo_id_seq
    START WITH 1
    INCREMENT BY 1
    NO MINVALUE
    NO MAXVALUE
    CACHE 1
);


--
-- Name: special_doctor_specialdoctor; Type: TABLE; Schema: public; Owner: postgres
--

CREATE TABLE public.special_doctor_specialdoctor (
    id bigint NOT NULL,
    name character varying(255),
    image character varying(100) NOT NULL,
    designation character varying(255),
    years_of_experience integer,
    doctor_fees character varying(255),
    doctor_details text,
    doctor_sedule text,
    contact_details text,
    hospital_id bigint NOT NULL,
    contact_details_bn text,
    contact_details_en text,
    designation_bn character varying(255),
    designation_en character varying(255),
    doctor_details_bn text,
    doctor_details_en text,
    doctor_fees_bn character varying(255),
    doctor_fees_en character varying(255),
    doctor_sedule_bn text,
    doctor_sedule_en text,
    name_bn character varying(255),
    name_en character varying(255),
    CONSTRAINT special_doctor_specialdoctor_years_of_experience_check CHECK ((years_of_experience >= 0))
);


ALTER TABLE public.special_doctor_specialdoctor OWNER TO postgres;

--
-- Name: special_doctor_specialdoctor_id_seq; Type: SEQUENCE; Schema: public; Owner: postgres
--

ALTER TABLE public.special_doctor_specialdoctor ALTER COLUMN id ADD GENERATED BY DEFAULT AS IDENTITY (
    SEQUENCE NAME public.special_doctor_specialdoctor_id_seq
    START WITH 1
    INCREMENT BY 1
    NO MINVALUE
    NO MAXVALUE
    CACHE 1
);


--
-- Name: token_blacklist_blacklistedtoken; Type: TABLE; Schema: public; Owner: postgres
--

CREATE TABLE public.token_blacklist_blacklistedtoken (
    id bigint NOT NULL,
    blacklisted_at timestamp with time zone NOT NULL,
    token_id bigint NOT NULL
);


ALTER TABLE public.token_blacklist_blacklistedtoken OWNER TO postgres;

--
-- Name: token_blacklist_blacklistedtoken_id_seq; Type: SEQUENCE; Schema: public; Owner: postgres
--

ALTER TABLE public.token_blacklist_blacklistedtoken ALTER COLUMN id ADD GENERATED BY DEFAULT AS IDENTITY (
    SEQUENCE NAME public.token_blacklist_blacklistedtoken_id_seq
    START WITH 1
    INCREMENT BY 1
    NO MINVALUE
    NO MAXVALUE
    CACHE 1
);


--
-- Name: token_blacklist_outstandingtoken; Type: TABLE; Schema: public; Owner: postgres
--

CREATE TABLE public.token_blacklist_outstandingtoken (
    id bigint NOT NULL,
    token text NOT NULL,
    created_at timestamp with time zone,
    expires_at timestamp with time zone NOT NULL,
    user_id bigint,
    jti character varying(255) NOT NULL
);


ALTER TABLE public.token_blacklist_outstandingtoken OWNER TO postgres;

--
-- Name: token_blacklist_outstandingtoken_id_seq; Type: SEQUENCE; Schema: public; Owner: postgres
--

ALTER TABLE public.token_blacklist_outstandingtoken ALTER COLUMN id ADD GENERATED BY DEFAULT AS IDENTITY (
    SEQUENCE NAME public.token_blacklist_outstandingtoken_id_seq
    START WITH 1
    INCREMENT BY 1
    NO MINVALUE
    NO MAXVALUE
    CACHE 1
);


--
-- Name: top_doctor_topdoctor; Type: TABLE; Schema: public; Owner: postgres
--

CREATE TABLE public.top_doctor_topdoctor (
    id bigint NOT NULL,
    name character varying(255) NOT NULL,
    image character varying(100) NOT NULL,
    designation character varying(255) NOT NULL,
    created_at timestamp with time zone NOT NULL,
    contact_details text,
    doctor_details text,
    doctor_fees character varying(255),
    doctor_sedule text,
    hospital_id bigint,
    subcategory_id bigint,
    years_of_experience integer,
    contact_details_bn text,
    contact_details_en text,
    designation_bn character varying(255),
    designation_en character varying(255),
    doctor_details_bn text,
    doctor_details_en text,
    doctor_fees_bn character varying(255),
    doctor_fees_en character varying(255),
    doctor_sedule_bn text,
    doctor_sedule_en text,
    name_bn character varying(255),
    name_en character varying(255),
    CONSTRAINT top_doctor_topdoctor_years_of_experience_check CHECK ((years_of_experience >= 0))
);


ALTER TABLE public.top_doctor_topdoctor OWNER TO postgres;

--
-- Name: top_doctor_topdoctor_id_seq; Type: SEQUENCE; Schema: public; Owner: postgres
--

ALTER TABLE public.top_doctor_topdoctor ALTER COLUMN id ADD GENERATED BY DEFAULT AS IDENTITY (
    SEQUENCE NAME public.top_doctor_topdoctor_id_seq
    START WITH 1
    INCREMENT BY 1
    NO MINVALUE
    NO MAXVALUE
    CACHE 1
);


--
-- Data for Name: auth_group; Type: TABLE DATA; Schema: public; Owner: postgres
--

COPY public.auth_group (id, name) FROM stdin;
\.


--
-- Data for Name: auth_group_permissions; Type: TABLE DATA; Schema: public; Owner: postgres
--

COPY public.auth_group_permissions (id, group_id, permission_id) FROM stdin;
\.


--
-- Data for Name: auth_permission; Type: TABLE DATA; Schema: public; Owner: postgres
--

COPY public.auth_permission (id, name, content_type_id, codename) FROM stdin;
1	Can add log entry	1	add_logentry
2	Can change log entry	1	change_logentry
3	Can delete log entry	1	delete_logentry
4	Can view log entry	1	view_logentry
5	Can add permission	3	add_permission
6	Can change permission	3	change_permission
7	Can delete permission	3	delete_permission
8	Can view permission	3	view_permission
9	Can add group	2	add_group
10	Can change group	2	change_group
11	Can delete group	2	delete_group
12	Can view group	2	view_group
13	Can add content type	4	add_contenttype
14	Can change content type	4	change_contenttype
15	Can delete content type	4	delete_contenttype
16	Can view content type	4	view_contenttype
17	Can add session	5	add_session
18	Can change session	5	change_session
19	Can delete session	5	delete_session
20	Can view session	5	view_session
21	Can add Blacklisted Token	6	add_blacklistedtoken
22	Can change Blacklisted Token	6	change_blacklistedtoken
23	Can delete Blacklisted Token	6	delete_blacklistedtoken
24	Can view Blacklisted Token	6	view_blacklistedtoken
25	Can add Outstanding Token	7	add_outstandingtoken
26	Can change Outstanding Token	7	change_outstandingtoken
27	Can delete Outstanding Token	7	delete_outstandingtoken
28	Can view Outstanding Token	7	view_outstandingtoken
29	Can add user	8	add_user
30	Can change user	8	change_user
31	Can delete user	8	delete_user
32	Can view user	8	view_user
33	Can add Slider One	9	add_sliderone
34	Can change Slider One	9	change_sliderone
35	Can delete Slider One	9	delete_sliderone
36	Can view Slider One	9	view_sliderone
37	Can add Slider Two	10	add_slidertwo
38	Can change Slider Two	10	change_slidertwo
39	Can delete Slider Two	10	delete_slidertwo
40	Can view Slider Two	10	view_slidertwo
41	Can add country	11	add_country
42	Can change country	11	change_country
43	Can delete country	11	delete_country
44	Can view country	11	view_country
45	Can add hospital	12	add_hospital
46	Can change hospital	12	change_hospital
47	Can delete hospital	12	delete_hospital
48	Can view hospital	12	view_hospital
49	Can add hospital detail	13	add_hospitaldetail
50	Can change hospital detail	13	change_hospitaldetail
51	Can delete hospital detail	13	delete_hospitaldetail
52	Can view hospital detail	13	view_hospitaldetail
53	Can add doctor	15	add_doctor
54	Can change doctor	15	change_doctor
55	Can delete doctor	15	delete_doctor
56	Can view doctor	15	view_doctor
57	Can add hospital	16	add_hospital
58	Can change hospital	16	change_hospital
59	Can delete hospital	16	delete_hospital
60	Can view hospital	16	view_hospital
61	Can add service category	18	add_servicecategory
62	Can change service category	18	change_servicecategory
63	Can delete service category	18	delete_servicecategory
64	Can view service category	18	view_servicecategory
65	Can add booking	14	add_booking
66	Can change booking	14	change_booking
67	Can delete booking	14	delete_booking
68	Can view booking	14	view_booking
69	Can add payment	17	add_payment
70	Can change payment	17	change_payment
71	Can delete payment	17	delete_payment
72	Can view payment	17	view_payment
73	Can add sub category	19	add_subcategory
74	Can change sub category	19	change_subcategory
75	Can delete sub category	19	delete_subcategory
76	Can view sub category	19	view_subcategory
77	Can add medical service category	20	add_medicalservicecategory
78	Can change medical service category	20	change_medicalservicecategory
79	Can delete medical service category	20	delete_medicalservicecategory
80	Can view medical service category	20	view_medicalservicecategory
81	Can add medical service doctor	21	add_medicalservicedoctor
82	Can change medical service doctor	21	change_medicalservicedoctor
83	Can delete medical service doctor	21	delete_medicalservicedoctor
84	Can view medical service doctor	21	view_medicalservicedoctor
85	Can add accessory category	22	add_accessorycategory
86	Can change accessory category	22	change_accessorycategory
87	Can delete accessory category	22	delete_accessorycategory
88	Can view accessory category	22	view_accessorycategory
89	Can add medical accessory	23	add_medicalaccessory
90	Can change medical accessory	23	change_medicalaccessory
91	Can delete medical accessory	23	delete_medicalaccessory
92	Can view medical accessory	23	view_medicalaccessory
93	Can add top doctor	26	add_topdoctor
94	Can change top doctor	26	change_topdoctor
95	Can delete top doctor	26	delete_topdoctor
96	Can view top doctor	26	view_topdoctor
97	Can add booking	24	add_booking
98	Can change booking	24	change_booking
99	Can delete booking	24	delete_booking
100	Can view booking	24	view_booking
101	Can add payment	25	add_payment
102	Can change payment	25	change_payment
103	Can delete payment	25	delete_payment
104	Can view payment	25	view_payment
105	Can add special payment	31	add_specialpayment
106	Can change special payment	31	change_specialpayment
107	Can delete special payment	31	delete_specialpayment
108	Can view special payment	31	view_specialpayment
109	Can add special hospital	30	add_specialhospital
110	Can change special hospital	30	change_specialhospital
111	Can delete special hospital	30	delete_specialhospital
112	Can view special hospital	30	view_specialhospital
113	Can add special booking	27	add_specialbooking
114	Can change special booking	27	change_specialbooking
115	Can delete special booking	27	delete_specialbooking
116	Can view special booking	27	view_specialbooking
117	Can add special category	28	add_specialcategory
118	Can change special category	28	change_specialcategory
119	Can delete special category	28	delete_specialcategory
120	Can view special category	28	view_specialcategory
121	Can add special doctor	29	add_specialdoctor
122	Can change special doctor	29	change_specialdoctor
123	Can delete special doctor	29	delete_specialdoctor
124	Can view special doctor	29	view_specialdoctor
125	Can add appointment	32	add_appointment
126	Can change appointment	32	change_appointment
127	Can delete appointment	32	delete_appointment
128	Can view appointment	32	view_appointment
129	Can add payment	33	add_payment
130	Can change payment	33	change_payment
131	Can delete payment	33	delete_payment
132	Can view payment	33	view_payment
133	Can add Quote Wiserd	34	add_quotewiserd
134	Can change Quote Wiserd	34	change_quotewiserd
135	Can delete Quote Wiserd	34	delete_quotewiserd
136	Can view Quote Wiserd	34	view_quotewiserd
137	Can add collaborations company	35	add_collaborationscompany
138	Can change collaborations company	35	change_collaborationscompany
139	Can delete collaborations company	35	delete_collaborationscompany
140	Can view collaborations company	35	view_collaborationscompany
141	Can add package	36	add_package
142	Can change package	36	change_package
143	Can delete package	36	delete_package
144	Can view package	36	view_package
145	Can add social media services	37	add_socialmediaservices
146	Can change social media services	37	change_socialmediaservices
147	Can delete social media services	37	delete_socialmediaservices
148	Can view social media services	37	view_socialmediaservices
149	Can add social media service	38	add_socialmediaservice
150	Can change social media service	38	change_socialmediaservice
151	Can delete social media service	38	delete_socialmediaservice
152	Can view social media service	38	view_socialmediaservice
\.


--
-- Data for Name: authentication_appointment; Type: TABLE DATA; Schema: public; Owner: postgres
--

COPY public.authentication_appointment (id, object_id, service_type, patient_name, patient_phone, appointment_date, appointment_time, status, created_at, content_type_id, user_id) FROM stdin;
14	26	popular	mehrab	+8801626203669	2026-05-14	10:53:00	pending	2026-05-13 04:53:57.75413+00	15	10
15	38	popular	test	01900000	2026-05-15	11:00:00	pending	2026-05-14 10:26:18.944351+00	15	12
16	26	popular	test	01900000	2026-05-16	09:00:00	pending	2026-05-14 10:35:31.773817+00	15	12
17	38	popular	test	01900000	2026-05-15	10:00:00	completed	2026-05-14 10:40:59.179787+00	15	12
18	26	popular	test	01900000	2026-05-23	10:00:00	pending	2026-05-16 05:30:27.435025+00	15	12
\.


--
-- Data for Name: authentication_payment; Type: TABLE DATA; Schema: public; Owner: postgres
--

COPY public.authentication_payment (id, transaction_id, amount, method, status, created_at, appointment_id) FROM stdin;
12	43232345	1040.00	bkash	paid	2026-05-14 10:41:14.046086+00	17
13	43232345777	400.00	bkash	paid	2026-05-16 05:30:42.331438+00	18
11	423234553	400.00	bkash	paid	2026-05-14 10:35:59.63046+00	16
10	565656	1510.00	nagad	paid	2026-05-13 04:54:11.129132+00	14
\.


--
-- Data for Name: authentication_user; Type: TABLE DATA; Schema: public; Owner: postgres
--

COPY public.authentication_user (id, password, last_login, is_superuser, phone_number, name, email, is_active, is_staff, is_verified, created_at, updated_at, district, profile_picture, district_bn, district_en, name_bn, name_en) FROM stdin;
1	pbkdf2_sha256$1200000$48zkDfojTFZbW8UFYfwvQ6$cM5lRYbFOSV8gBD2MSSSOsnz3VzW6pTnz3D+q4d2akM=	\N	f	+8801900000000	test	user@example.com	t	f	t	2026-04-21 06:58:26.651894+00	2026-04-21 06:58:26.651927+00	test	profile_pics/default.png	\N	test	\N	test
11	pbkdf2_sha256$1200000$kdonrxA8rxjSudQhYWan4p$w2tDTvKl6lOOo7kzSch0EY4Juv9cCBIU9tC18Je6vfY=	\N	f	+8801234567890	John Doe	test@example.com	t	f	t	2026-05-12 11:32:38.462405+00	2026-05-12 11:32:38.462416+00	Bagerhat	profile_pics/default.png	\N	Bagerhat	\N	John Doe
12	pbkdf2_sha256$1200000$Ej9ecwUVoPdkAb785QU1q4$MP7XDCffOYEhZ5P128579K67UH1/6qTCmdA3dH+OcY8=	\N	f	+8801800000001	test	a@a.com	t	f	t	2026-05-14 10:22:12.130613+00	2026-05-14 10:22:12.130627+00	dhaka	profile_pics/default.png	\N	dhaka	\N	test
13	pbkdf2_sha256$1000000$Jq3fN045s7S3LWr8IGRCzj$rOWHltCD+JFVH39vmyAkwBmOaDJCRJcFe3Rst7UVrR8=	\N	t	01700000000	\N	\N	t	t	t	2026-05-15 05:20:41.464606+00	2026-05-15 05:20:41.464642+00	\N	profile_pics/default.png	\N	\N	\N	\N
8	pbkdf2_sha256$1200000$a99PwS3Lih1KXv2UIFG9gH$jSM4twQxBpXwSz/xrCeQDxgUadj1oO7rxZ9H7ObvYm8=	2026-05-16 09:32:39.778602+00	t	+8801800000000	\N	\N	t	t	t	2026-05-10 07:36:11.719868+00	2026-05-10 07:36:11.719889+00	\N	profile_pics/default.png	\N	\N	\N	\N
14	pbkdf2_sha256$1200000$dNcy9W8bbOoFd8pzZK0EAu$4qnrFpgJeok2chQweYrqLKPtyRYMGoVQZaaXMeaDOtI=	\N	f	+8801705053219	Munim Ahmed		t	f	t	2026-05-18 11:34:40.070636+00	2026-05-18 11:34:40.070654+00	Dhaka	profile_pics/default.png	\N	Dhaka	\N	Munim Ahmed
10	pbkdf2_sha256$1200000$iJcb3gpuv2ZQ2vSLVA1u1s$ptJ5A803roX9cMoU8uIbiWKsPPCI2FsHYl2tW2bd1zo=	\N	f	+8801626203669	izaz	izaz2@mail.com	t	f	t	2026-05-11 09:42:45.335834+00	2026-05-19 07:44:54.266361+00	khulna	profile_pics/photo-1535713875002-d1d0cf377fde.avif	\N	khulna	\N	izaz
\.


--
-- Data for Name: authentication_user_groups; Type: TABLE DATA; Schema: public; Owner: postgres
--

COPY public.authentication_user_groups (id, user_id, group_id) FROM stdin;
\.


--
-- Data for Name: authentication_user_user_permissions; Type: TABLE DATA; Schema: public; Owner: postgres
--

COPY public.authentication_user_user_permissions (id, user_id, permission_id) FROM stdin;
\.


--
-- Data for Name: django_admin_log; Type: TABLE DATA; Schema: public; Owner: postgres
--

COPY public.django_admin_log (id, action_time, object_id, object_repr, action_flag, change_message, content_type_id, user_id) FROM stdin;
263	2026-05-10 07:52:44.925545+00	19	Islami Bank Hospital Khulna	1	[{"added": {}}]	16	8
264	2026-05-10 08:08:29.983032+00	33	Associate Prof . DR.Manawarul Haque Tohin	3		15	8
265	2026-05-10 08:49:14.889123+00	2	Dr. Md Abu Hasan Rubel	3		29	8
266	2026-05-10 08:49:14.889209+00	3	Prof.Dr.Md.Khorshed Alam	3		29	8
267	2026-05-10 08:49:14.889231+00	4	Dr. Tajkera Sultana Chowdhury	3		29	8
268	2026-05-10 08:52:38.055238+00	5	Dr. Md Abu Hasan Rubel	1	[{"added": {}}]	29	8
269	2026-05-10 08:56:23.013489+00	6	Prof.Dr.Md.Khorshed Alam	1	[{"added": {}}]	29	8
270	2026-05-10 08:58:41.482128+00	5	Dr. Md Abu Hasan Rubel	3		29	8
271	2026-05-10 08:58:41.482307+00	6	Prof.Dr.Md.Khorshed Alam	3		29	8
272	2026-05-10 09:01:31.39672+00	7	Prof.DR.MD.Abul Hossain	1	[{"added": {}}]	29	8
273	2026-05-10 09:05:13.764661+00	8	Prof. Dr.  Waheed Akhter	1	[{"added": {}}]	29	8
274	2026-05-10 09:09:08.559208+00	9	Prof.DR.MD.Khorshed alam	1	[{"added": {}}]	29	8
275	2026-05-10 09:14:39.240994+00	10	Associate Prof . Dr. Tajkera Sultana Chowdhury	1	[{"added": {}}]	29	8
276	2026-05-10 09:18:24.886983+00	11	Assistant Prof. DR. K.M. Sakib	1	[{"added": {}}]	29	8
277	2026-05-10 09:20:58.692175+00	12	Associate Prof. DR. MD. Rassell	1	[{"added": {}}]	29	8
278	2026-05-10 09:23:16.971341+00	13	Assistant Prof. Dr. MD. Ishtiaqul Haque Martuza	1	[{"added": {}}]	29	8
279	2026-05-10 09:25:22.2186+00	14	Assistant Prof . DR. MD. Rifat Zia Hossain	1	[{"added": {}}]	29	8
280	2026-05-10 09:28:10.07378+00	15	Assistant Prof. DR. Altaf Hossainom  \t  Assistant Prof. DR. Altaf Hossain	1	[{"added": {}}]	29	8
281	2026-05-10 09:28:34.470021+00	15	Assistant Prof. DR. Altaf Hossain	2	[{"changed": {"fields": ["Name"]}}]	29	8
282	2026-05-10 09:30:59.109556+00	16	Assistant Prof. DR. Shafiqur Rahman	1	[{"added": {}}]	29	8
283	2026-05-10 09:33:35.836689+00	17	Assistant Prof. DR.Manawarul Haque Tohin	1	[{"added": {}}]	29	8
284	2026-05-10 09:36:35.024732+00	7	Prof.DR.MD.Abul Hossain	2	[{"changed": {"fields": ["Image"]}}]	29	8
285	2026-05-10 09:38:46.30386+00	2	Dr.Avishek Chakraborty	3		26	8
286	2026-05-10 09:40:58.136476+00	3	DR. Naurin Jahan Eva	1	[{"added": {}}]	26	8
287	2026-05-10 09:43:20.791061+00	4	Dr. MD. Monsur Alam	1	[{"added": {}}]	26	8
288	2026-05-10 09:45:27.192986+00	5	Dr. Sadia sultana lima	1	[{"added": {}}]	26	8
289	2026-05-10 09:50:40.424642+00	14	China	2	[{"changed": {"fields": ["Name"]}}]	11	8
290	2026-05-10 10:35:28.180278+00	18	DR. Mezbah Ul Azeez	1	[{"added": {}}]	29	8
291	2026-05-10 10:41:46.751828+00	19	DR. Mausumi Iqbql	1	[{"added": {}}]	29	8
292	2026-05-10 10:46:20.540311+00	20	DR. MD. Abdullah Alamin Shohan	1	[{"added": {}}]	29	8
293	2026-05-10 10:53:54.224415+00	21	Medical officer DR.Kazi Nowal Akash	1	[{"added": {}}]	29	8
294	2026-05-10 10:55:59.569936+00	22	DR. Fahmida Haque MOU	1	[{"added": {}}]	29	8
295	2026-05-10 11:00:10.31258+00	23	DR. Junaid Zarif Mahbub	1	[{"added": {}}]	29	8
296	2026-05-10 11:00:47.771554+00	23	DR. Junaid Zarif Mahbub	2	[]	29	8
297	2026-05-10 11:03:53.714545+00	24	DR. Junaid Zarif Mahbub	1	[{"added": {}}]	29	8
298	2026-05-10 11:06:26.035446+00	25	MD Abu Hasan Rubel	1	[{"added": {}}]	29	8
299	2026-05-10 11:08:35.991434+00	26	DR MD. Alim AL Razi	1	[{"added": {}}]	29	8
300	2026-05-10 11:10:50.302069+00	27	Sanjida Rezwana	1	[{"added": {}}]	29	8
301	2026-05-10 11:12:14.741591+00	28	Dr. MD. Hasan Zaman	1	[{"added": {}}]	29	8
302	2026-05-10 11:14:34.2144+00	6	DR. Avishek chakraborty	1	[{"added": {}}]	26	8
303	2026-05-10 11:16:42.616423+00	6	DR. Avishek chakraborty	2	[{"changed": {"fields": ["Image"]}}]	26	8
304	2026-05-10 11:19:45.397282+00	6	DR. Avishek chakraborty	2	[]	26	8
305	2026-05-10 11:22:34.609613+00	6	Dr. Sumaiya Nowsheen Khan Panthoi	2	[{"changed": {"fields": ["Name"]}}]	26	8
306	2026-05-10 11:23:40.526393+00	6	Dr. Sumaiya Nowsheen Khan Panthoi	2	[{"changed": {"fields": ["Years of experience", "Doctor fees", "Hospital", "Doctor sedule"]}}]	26	8
307	2026-05-10 11:24:47.208187+00	20	Aysha Amjad Hoapital	1	[{"added": {}}]	16	8
308	2026-05-10 11:24:51.884845+00	6	Dr. Sumaiya Nowsheen Khan Panthoi	2	[{"changed": {"fields": ["Image", "Hospital"]}}]	26	8
309	2026-05-10 11:43:29.903754+00	17	Dr. Fahmida Haque (Mou)	2	[{"changed": {"fields": ["Doctor fees"]}}]	15	8
310	2026-05-10 11:44:04.103745+00	22	DR. Fahmida Haque MOU	2	[{"changed": {"fields": ["Doctor fees"]}}]	29	8
311	2026-05-11 06:28:35.919214+00	7	Prof.DR.MD.Abul Hossain	2	[{"changed": {"fields": ["Years of experience"]}}]	29	8
312	2026-05-11 07:17:36.66372+00	9	Prof. Dr.  Waheed Akhter	2	[{"changed": {"fields": ["Doctor fees"]}}]	15	8
313	2026-05-11 07:19:48.468729+00	10	DR. Avishek chakraborty	2	[{"changed": {"fields": ["Years of experience", "Doctor fees"]}}]	15	8
314	2026-05-11 07:22:57.564094+00	12	DR. MD. Abdullah Alamin Shohan	2	[]	15	8
315	2026-05-11 07:23:25.506388+00	13	Associate Prof. DR. MD. Rassell	2	[{"changed": {"fields": ["Years of experience"]}}]	15	8
316	2026-05-11 07:24:04.148848+00	7	Assistant Prof . DR. MD. Rifat Zia Hossain	2	[{"changed": {"fields": ["Doctor fees"]}}]	15	8
317	2026-05-11 07:24:26.150132+00	16	DR. Naurin Jahan Eva	2	[{"changed": {"fields": ["Doctor fees"]}}]	15	8
318	2026-05-11 07:24:52.006002+00	15	Medical officer DR.Kazi Nowal Akash	2	[{"changed": {"fields": ["Doctor fees"]}}]	15	8
319	2026-05-11 07:25:13.091419+00	17	Dr. Fahmida Haque (Mou)	2	[{"changed": {"fields": ["Doctor fees"]}}]	15	8
320	2026-05-11 07:26:30.720987+00	6	Assistant Prof. DR. Altaf Hossain	2	[{"changed": {"fields": ["Doctor fees"]}}]	15	8
321	2026-05-11 07:26:39.580627+00	4	Prof.Dr.Md.Khorshed Alam	2	[{"changed": {"fields": ["Doctor fees"]}}]	15	8
322	2026-05-11 07:26:48.641196+00	8	Assistant Prof. DR. K.M. Sakib	2	[{"changed": {"fields": ["Doctor fees"]}}]	15	8
323	2026-05-11 07:27:40.509829+00	23	Dr. Md. Alim  Al Razi	2	[{"changed": {"fields": ["Doctor fees"]}}]	15	8
324	2026-05-11 07:27:59.366611+00	28	Associate Prof . DR.Manawarul Haque Tohin	2	[{"changed": {"fields": ["Doctor fees"]}}]	15	8
325	2026-05-11 07:28:12.193319+00	29	DR. Sadia Sultana Lima	2	[{"changed": {"fields": ["Doctor fees"]}}]	15	8
326	2026-05-11 07:28:21.601122+00	30	Dr. Sadia Sultana Lima	2	[{"changed": {"fields": ["Doctor fees"]}}]	15	8
327	2026-05-11 07:28:56.261075+00	31	Dr. MD. Hasan Zaman	2	[{"changed": {"fields": ["Doctor fees"]}}]	15	8
328	2026-05-11 07:29:04.510169+00	34	Sanjida Rezwana	2	[{"changed": {"fields": ["Doctor fees"]}}]	15	8
329	2026-05-11 07:29:15.339751+00	19	Dr. Mausumi Iqbal	2	[{"changed": {"fields": ["Doctor fees"]}}]	15	8
330	2026-05-11 07:29:26.085163+00	22	Prof.DR.MD.Abul Hossain	2	[{"changed": {"fields": ["Doctor fees"]}}]	15	8
331	2026-05-11 07:29:36.591992+00	18	Associate Prof . Dr. Tajkera Sultana Chowdhury	2	[{"changed": {"fields": ["Doctor fees"]}}]	15	8
332	2026-05-11 07:29:48.65847+00	13	Associate Prof. DR. MD. Rassell	2	[{"changed": {"fields": ["Doctor fees"]}}]	15	8
333	2026-05-11 07:29:58.116831+00	11	Assistant Prof. Dr. MD. Ishtiaqul Haque Martuza	2	[{"changed": {"fields": ["Doctor fees"]}}]	15	8
334	2026-05-11 07:34:59.522156+00	11	Assistant Prof. DR. K.M. Sakib	2	[{"changed": {"fields": ["Years of experience"]}}]	29	8
335	2026-05-11 07:35:22.492677+00	8	Prof. Dr.  Waheed Akhter	2	[{"changed": {"fields": ["Doctor fees"]}}]	29	8
336	2026-05-11 07:53:53.670613+00	12	Associate Prof. DR. MD. Rassell	2	[{"changed": {"fields": ["Years of experience"]}}]	29	8
337	2026-05-11 07:54:28.881761+00	21	Medical officer DR.Kazi Nowal Akash	2	[{"changed": {"fields": ["Doctor fees"]}}]	29	8
338	2026-05-11 07:54:52.024958+00	22	DR. Fahmida Haque MOU	2	[{"changed": {"fields": ["Doctor fees"]}}]	29	8
339	2026-05-11 07:56:49.226361+00	26	DR MD. Alim AL Razi	2	[{"changed": {"fields": ["Doctor fees"]}}]	29	8
340	2026-05-11 09:41:36.233585+00	9	+8801705053219	3		8	8
341	2026-05-11 09:41:36.233728+00	7	+880162603669	3		8	8
342	2026-05-11 10:36:37.418966+00	1	Details for Tata Memorial Hospital	2	[]	13	8
343	2026-05-11 10:36:59.124705+00	3	Details for Phyathai 2 International Hospital	1	[{"added": {}}]	13	8
344	2026-05-12 05:09:40.743328+00	8	Slider One - 8	1	[{"added": {}}]	9	8
345	2026-05-12 06:39:42.481675+00	21	National Institute of Neuroscience & Hospital	1	[{"added": {}}]	16	8
346	2026-05-12 06:42:08.386634+00	35	Dr.  Md. Al Amin Hossain	1	[{"added": {}}]	15	8
347	2026-05-12 08:17:06.02385+00	7	Slider One - 7	2	[{"changed": {"fields": ["Image"]}}]	9	8
348	2026-05-12 08:22:25.587167+00	6	Slider One - 6	2	[{"changed": {"fields": ["Image"]}}]	9	8
349	2026-05-12 08:23:41.475653+00	5	Slider One - 5	2	[{"changed": {"fields": ["Image"]}}]	9	8
350	2026-05-12 09:46:19.658297+00	8	Slider One - 8	2	[{"changed": {"fields": ["Image"]}}]	9	8
351	2026-05-12 09:53:12.989509+00	1	test	1	[{"added": {}}]	34	8
352	2026-05-12 09:57:17.439164+00	9	Slider One - 9	1	[{"added": {}}]	9	8
353	2026-05-12 09:57:25.305256+00	5	Slider One - 5	3		9	8
354	2026-05-12 09:57:56.578153+00	7	Slider One - 7	2	[{"changed": {"fields": ["Image"]}}]	9	8
355	2026-05-12 09:59:07.69191+00	6	Slider One - 6	3		9	8
356	2026-05-12 10:14:09.004258+00	7	Payment for Appointment 9 - pending	3		33	8
357	2026-05-12 10:14:09.004355+00	6	Payment for Appointment 7 - pending	3		33	8
358	2026-05-12 10:14:09.004387+00	5	Payment for Appointment 6 - pending	3		33	8
359	2026-05-12 10:14:09.004414+00	4	Payment for Appointment 5 - pending	3		33	8
360	2026-05-12 10:14:09.004441+00	3	Payment for Appointment 4 - pending	3		33	8
361	2026-05-12 10:14:09.004465+00	2	Payment for Appointment 3 - pending	3		33	8
362	2026-05-12 10:14:09.004489+00	1	Payment for Appointment 2 - pending	3		33	8
363	2026-05-12 10:15:20.513993+00	10	Popular Appointment for mehrab with Assistant Prof. DR. Altaf Hossain	3		32	8
364	2026-05-12 10:15:20.51411+00	9	Popular Appointment for mehrab with Assistant Prof. DR. Shafiqur Rahman	3		32	8
365	2026-05-12 10:15:20.514166+00	8	Popular Appointment for mehrab with Assistant Prof. DR. Altaf Hossain	3		32	8
366	2026-05-12 10:15:20.514219+00	7	Popular Appointment for mehrab with Assistant Prof. DR. K.M. Sakib	3		32	8
367	2026-05-12 10:15:20.514333+00	6	Popular Appointment for mehrab with Dr. Junaid Zarif Mahbub	3		32	8
368	2026-05-12 10:15:32.757061+00	5	Popular Appointment for mehrab with Assistant Prof. DR. Altaf Hossain	3		32	8
369	2026-05-12 10:15:32.757186+00	4	Popular Appointment for mehrab with Dr. Md Abu Hasan Rubel	3		32	8
370	2026-05-12 10:15:32.757224+00	3	Popular Appointment for mehrab with Dr. Md Abu Hasan Rubel	3		32	8
371	2026-05-12 10:15:32.757255+00	2	Popular Appointment for string with DR. Avishek chakraborty	3		32	8
372	2026-05-12 10:15:32.757304+00	1	Top Appointment for string with DR. Avishek chakraborty	3		32	8
373	2026-05-12 10:27:32.908445+00	1	প্রতিদিনের স্বাস্থ্য টিপস	2	[{"changed": {"fields": ["Title", "Quote"]}}]	34	8
374	2026-05-12 11:30:26.083916+00	30	Dr. Sadia Sultana Lima	2	[{"changed": {"fields": ["Subcategory"]}}]	15	8
375	2026-05-12 11:31:13.838884+00	16	DR. Naurin Jahan Eva	2	[{"changed": {"fields": ["Subcategory"]}}]	15	8
376	2026-05-12 11:38:45.102846+00	25	Dr. MD. Monsur Alam	2	[{"changed": {"fields": ["Subcategory"]}}]	15	8
377	2026-05-13 04:53:13.034421+00	13	Popular Appointment for mehrab with DR. Avishek chakraborty	3		32	8
378	2026-05-13 04:53:13.034528+00	12	Popular Appointment for mehrab with Assistant Prof . DR. MD. Rifat Zia Hossain	3		32	8
379	2026-05-13 04:53:13.034581+00	11	Popular Appointment for mehrab with Prof.Dr.Md.Khorshed Alam	3		32	8
380	2026-05-13 10:02:53.451235+00	3	Dr. Md Abu Hasan Rubel	2	[{"changed": {"fields": ["Doctor fees"]}}]	15	8
381	2026-05-13 10:03:18.491949+00	5	Assistant Prof. DR. Shafiqur Rahman	2	[{"changed": {"fields": ["Doctor fees"]}}]	15	8
382	2026-05-13 10:03:49.191571+00	9	Prof. Dr.  Waheed Akhter	2	[{"changed": {"fields": ["Doctor fees"]}}]	15	8
383	2026-05-13 10:04:20.839037+00	9	Prof. Dr.  Waheed Akhter	2	[{"changed": {"fields": ["Doctor fees"]}}]	15	8
384	2026-05-13 10:04:32.93283+00	10	DR. Avishek chakraborty	2	[{"changed": {"fields": ["Doctor fees"]}}]	15	8
385	2026-05-13 10:04:44.609326+00	15	DR.Kazi Nowal Akash	2	[{"changed": {"fields": ["Doctor fees"]}}]	15	8
386	2026-05-13 10:05:01.373628+00	25	Dr. MD. Monsur Alam	2	[{"changed": {"fields": ["Doctor fees"]}}]	15	8
387	2026-05-13 10:05:11.661831+00	16	DR. Naurin Jahan Eva	2	[{"changed": {"fields": ["Doctor fees"]}}]	15	8
388	2026-05-13 10:05:21.702304+00	12	DR. MD. Abdullah Alamin Shohan	2	[{"changed": {"fields": ["Doctor fees"]}}]	15	8
389	2026-05-13 10:05:31.873358+00	17	Dr. Fahmida Haque (Mou)	2	[{"changed": {"fields": ["Doctor fees"]}}]	15	8
390	2026-05-13 10:05:49.741327+00	15	DR.Kazi Nowal Akash	2	[{"changed": {"fields": ["Doctor fees"]}}]	15	8
391	2026-05-13 10:06:01.12863+00	23	Dr. Md. Alim  Al Razi	2	[{"changed": {"fields": ["Doctor fees"]}}]	15	8
392	2026-05-13 10:06:26.686759+00	15	DR.Kazi Nowal Akash	2	[{"changed": {"fields": ["Doctor fees"]}}]	15	8
393	2026-05-13 10:16:38.698074+00	22	BIHS General Hospital	1	[{"added": {}}]	16	8
394	2026-05-14 06:24:56.851816+00	1	Amar Labe	1	[{"added": {}}]	35	8
395	2026-05-14 06:25:25.439529+00	2	Ibn Sina	1	[{"added": {}}]	35	8
396	2026-05-14 06:26:34.566793+00	3	Popular	1	[{"added": {}}]	35	8
397	2026-05-14 06:28:38.992514+00	4	Apollo Clinic	1	[{"added": {}}]	35	8
398	2026-05-14 10:59:16.740476+00	17	Popular Appointment for test with Associate Prof . DR. MD. Abdullah Awal	2	[{"changed": {"fields": ["Status"]}}]	32	8
399	2026-05-14 10:59:31.203541+00	12	Payment for Appointment 17 - paid	2	[{"changed": {"fields": ["Status"]}}]	33	8
400	2026-05-16 05:19:45.330906+00	1	Amarlab	2	[{"changed": {"fields": ["Name"]}}]	35	8
401	2026-05-16 07:16:23.734794+00	1	Specialist Doctors	2	[{"changed": {"fields": ["Banner"]}}]	18	8
402	2026-05-16 07:27:16.233546+00	7	Prof.DR.MD.Abul Hossain	3		29	8
403	2026-05-16 07:27:16.233731+00	8	Prof. Dr.  Waheed Akhter	3		29	8
404	2026-05-16 07:27:16.233754+00	9	Prof.DR.MD.Khorshed alam	3		29	8
405	2026-05-16 07:27:16.23377+00	10	Associate Prof . Dr. Tajkera Sultana Chowdhury	3		29	8
406	2026-05-16 07:27:16.233785+00	11	Assistant Prof. DR. K.M. Sakib	3		29	8
407	2026-05-16 07:27:16.2338+00	12	Associate Prof. DR. MD. Rassell	3		29	8
408	2026-05-16 07:27:16.233814+00	13	Assistant Prof. Dr. MD. Ishtiaqul Haque Martuza	3		29	8
409	2026-05-16 07:27:16.233828+00	14	Assistant Prof . DR. MD. Rifat Zia Hossain	3		29	8
410	2026-05-16 07:27:16.233841+00	15	Assistant Prof. DR. Altaf Hossain	3		29	8
411	2026-05-16 07:27:16.233854+00	16	Assistant Prof. DR. Shafiqur Rahman	3		29	8
412	2026-05-16 07:27:16.233867+00	17	Assistant Prof. DR.Manawarul Haque Tohin	3		29	8
413	2026-05-16 07:27:16.233881+00	18	DR. Mezbah Ul Azeez	3		29	8
414	2026-05-16 07:27:16.233894+00	19	DR. Mausumi Iqbql	3		29	8
415	2026-05-16 07:27:16.233906+00	20	DR. MD. Abdullah Alamin Shohan	3		29	8
416	2026-05-16 07:27:16.233932+00	21	Medical officer DR.Kazi Nowal Akash	3		29	8
417	2026-05-16 07:27:16.233951+00	22	DR. Fahmida Haque MOU	3		29	8
418	2026-05-16 07:27:16.233964+00	23	DR. Junaid Zarif Mahbub	3		29	8
419	2026-05-16 07:27:16.233993+00	24	DR. Junaid Zarif Mahbub	3		29	8
420	2026-05-16 07:27:16.234006+00	25	MD Abu Hasan Rubel	3		29	8
421	2026-05-16 07:27:16.234024+00	26	DR MD. Alim AL Razi	3		29	8
422	2026-05-16 07:27:16.234037+00	27	Sanjida Rezwana	3		29	8
423	2026-05-16 07:27:16.23405+00	28	Dr. MD. Hasan Zaman	3		29	8
424	2026-05-16 07:27:16.234062+00	29	Dr. Md. Al Amin Hossain	3		29	8
425	2026-05-16 07:38:20.036882+00	1	Specialist Doctors	2	[{"changed": {"fields": ["Banner"]}}]	18	8
426	2026-05-16 07:56:33.042675+00	2	Hospitals Booking	2	[{"changed": {"fields": ["Banner"]}}]	18	8
427	2026-05-16 07:57:33.997283+00	3	Telemedicine	2	[{"changed": {"fields": ["Banner"]}}]	18	8
428	2026-05-16 07:58:26.880867+00	4	Pharmacy	2	[{"changed": {"fields": ["Banner"]}}]	18	8
429	2026-05-16 07:59:31.846878+00	5	Blood Bank	2	[{"changed": {"fields": ["Banner"]}}]	18	8
430	2026-05-16 08:00:20.67915+00	6	Ambulance Services	2	[{"changed": {"fields": ["Banner"]}}]	18	8
431	2026-05-16 08:01:34.493145+00	7	Community Health Care	2	[{"changed": {"fields": ["Banner"]}}]	18	8
432	2026-05-16 08:02:17.236247+00	7	Community Health Care	2	[{"changed": {"fields": ["Banner"]}}]	18	8
433	2026-05-16 08:02:19.670506+00	7	Community Health Care	2	[{"changed": {"fields": ["Banner"]}}]	18	8
434	2026-05-16 08:54:13.851806+00	8	Hospital Support Services	2	[{"changed": {"fields": ["Banner"]}}]	18	8
435	2026-05-16 08:55:35.171631+00	9	Health Insurance	2	[{"changed": {"fields": ["Banner"]}}]	18	8
436	2026-05-16 08:57:36.259613+00	10	Urgent Medical Needs	2	[{"changed": {"fields": ["Banner"]}}]	18	8
437	2026-05-16 08:59:35.729732+00	11	General physician	2	[{"changed": {"fields": ["Banner"]}}]	18	8
438	2026-05-16 09:01:17.819418+00	12	Eye Specialist	2	[{"changed": {"fields": ["Banner"]}}]	18	8
439	2026-05-16 09:02:09.10599+00	13	Dentist	2	[{"changed": {"fields": ["Banner"]}}]	18	8
440	2026-05-16 09:06:05.45338+00	16	Mental Health	2	[{"changed": {"fields": ["Banner"]}}]	18	8
441	2026-05-16 09:10:07.334559+00	17	Charity	2	[{"changed": {"fields": ["Banner"]}}]	18	8
442	2026-05-16 09:36:09.367992+00	1	Doctor Appointment	2	[{"changed": {"fields": ["Name"]}}]	18	8
443	2026-05-16 09:52:42.599824+00	5	Ambulance Services	2	[{"changed": {"fields": ["Name", "Icon"]}}]	18	8
444	2026-05-16 09:53:04.204061+00	6	Blood Bank	2	[{"changed": {"fields": ["Name", "Icon"]}}]	18	8
445	2026-05-16 09:56:58.825892+00	7	Emergency Home Care	2	[{"changed": {"fields": ["Name", "Icon"]}}]	18	8
446	2026-05-16 09:58:11.756+00	8	Quick Diagnosis	2	[{"changed": {"fields": ["Name", "Icon"]}}]	18	8
447	2026-05-16 10:00:16.566372+00	9	Dentist	2	[{"changed": {"fields": ["Name", "Icon"]}}]	18	8
448	2026-05-16 10:01:22.77271+00	10	Eye Specialist	2	[{"changed": {"fields": ["Name", "Icon"]}}]	18	8
449	2026-05-16 10:03:30.240466+00	11	Mental Health	2	[{"changed": {"fields": ["Name", "Icon"]}}]	18	8
450	2026-05-16 10:05:14.10223+00	12	Geriatric Care	2	[{"changed": {"fields": ["Name", "Icon"]}}]	18	8
451	2026-05-16 10:07:14.468617+00	13	Palliative Care	2	[{"changed": {"fields": ["Name", "Icon"]}}]	18	8
452	2026-05-16 10:09:13.053744+00	14	Psycho Therapy	2	[{"changed": {"fields": ["Name", "Icon"]}}]	18	8
453	2026-05-16 10:10:24.303672+00	16	Regenerative therapy	2	[{"changed": {"fields": ["Name", "Icon"]}}]	18	8
454	2026-05-16 10:11:55.308416+00	17	Steam therapy	2	[{"changed": {"fields": ["Name", "Icon"]}}]	18	8
455	2026-05-17 04:08:18.742612+00	1	test	1	[{"added": {}}]	38	8
456	2026-05-17 06:34:52.911332+00	17	Stem therapy	2	[{"changed": {"fields": ["Name"]}}]	18	8
457	2026-05-17 06:35:23.394033+00	14	Physio Therapy	2	[{"changed": {"fields": ["Name"]}}]	18	8
458	2026-05-17 06:36:04.049683+00	14	Physiotherapy	2	[{"changed": {"fields": ["Name"]}}]	18	8
459	2026-05-17 07:35:55.255943+00	18	Mental Health - Counseling Psychologist	1	[{"added": {}}]	19	8
460	2026-05-17 07:37:11.55026+00	19	Mental Health - Psychiatrist	1	[{"added": {}}]	19	8
461	2026-05-17 08:40:38.853469+00	17	Ambulance Services - M Ambulance	2	[{"changed": {"fields": ["Category"]}}]	19	8
462	2026-05-17 08:41:51.163747+00	16	Quick Diagnosis - AmarLab	2	[{"changed": {"fields": ["Category"]}}]	19	8
463	2026-05-17 08:42:32.691894+00	17	Ambulance Services - M Ambulance	2	[]	19	8
464	2026-05-17 10:05:44.617253+00	20	Hospitals Booking - City Hospital	1	[{"added": {}}]	19	8
465	2026-05-17 10:12:13.405655+00	21	Hospitals Booking - Apollo Clinic	1	[{"added": {}}]	19	8
466	2026-05-17 10:14:39.421971+00	22	Hospitals Booking - Al-Manar Hospital LTD	1	[{"added": {}}]	19	8
467	2026-05-17 10:26:42.571036+00	15	Dentist - Periodontology	2	[{"changed": {"fields": ["Category"]}}]	19	8
468	2026-05-17 10:26:53.571961+00	14	Dentist - Consultant Maxiliofacial Surgen	2	[{"changed": {"fields": ["Category"]}}]	19	8
469	2026-05-17 10:31:17.918293+00	23	Mental Health - Psychiatrist	1	[{"added": {}}]	19	8
470	2026-05-17 10:32:57.6179+00	23	Mental Health - Counseling Psychologist	2	[{"changed": {"fields": ["Name", "Icon"]}}]	19	8
471	2026-05-17 10:34:15.345272+00	18	Mental Health - Akidah Health Care	2	[{"changed": {"fields": ["Name", "Icon"]}}]	19	8
472	2026-05-17 10:37:42.983227+00	22	Hospitals Booking - Al-Manar Hospital LTD	2	[{"changed": {"fields": ["Icon"]}}]	19	8
473	2026-05-17 10:41:00.989679+00	23	AL Manar Hospital	1	[{"added": {}}]	16	8
474	2026-05-17 10:41:11.184549+00	40	test description	1	[{"added": {}}]	15	8
475	2026-05-17 11:18:06.010156+00	16	test	1	[{"added": {}}]	11	8
476	2026-05-17 11:20:31.160084+00	16	test	3		11	8
477	2026-05-18 04:06:11.763512+00	1	Doctor Appointments	2	[{"changed": {"fields": ["Name [en]", "Name [bn]"]}}]	18	8
478	2026-05-18 04:07:48.62339+00	2	Hospital Booking	2	[{"changed": {"fields": ["Name [en]", "Name [bn]"]}}]	18	8
479	2026-05-18 04:09:26.916125+00	3	Telemedicine	2	[{"changed": {"fields": ["Name [en]", "Name [bn]"]}}]	18	8
480	2026-05-18 04:10:22.26641+00	4	Pharmacy	2	[{"changed": {"fields": ["Name [en]", "Name [bn]"]}}]	18	8
481	2026-05-18 04:11:22.215216+00	5	Ambulance Service	2	[{"changed": {"fields": ["Name [en]", "Name [bn]"]}}]	18	8
482	2026-05-18 04:13:21.489053+00	6	Blood Bank	2	[{"changed": {"fields": ["Name [en]", "Name [bn]"]}}]	18	8
483	2026-05-18 04:14:13.768604+00	7	Emergency Home care	2	[{"changed": {"fields": ["Name [en]", "Name [bn]"]}}]	18	8
484	2026-05-18 04:15:03.233549+00	8	Quick Diagnosis	2	[{"changed": {"fields": ["Name [en]", "Name [bn]"]}}]	18	8
485	2026-05-18 04:36:41.789085+00	3	Tata Memorial Hospital	2	[]	12	8
486	2026-05-18 04:37:45.488147+00	38	Rutnin Eye Hospital	2	[{"changed": {"fields": ["Name [bn]"]}}]	12	8
487	2026-05-18 04:55:44.493647+00	18	tes en	1	[{"added": {}}]	18	8
488	2026-05-18 05:12:17.412172+00	18	tes en	3		18	8
489	2026-05-18 05:14:55.587444+00	10	Chiropractic Services	2	[{"changed": {"fields": ["Name [bn]"]}}]	20	8
490	2026-05-18 06:46:13.902787+00	1	Doctor Appointments	2	[]	18	8
491	2026-05-18 07:17:05.448259+00	9	Dentist	2	[{"changed": {"fields": ["Name [bn]"]}}]	18	8
492	2026-05-18 07:17:34.954477+00	10	Eye Specialist	2	[{"changed": {"fields": ["Name [bn]"]}}]	18	8
493	2026-05-18 07:18:01.428785+00	11	Mental Health	2	[{"changed": {"fields": ["Name [bn]"]}}]	18	8
494	2026-05-18 07:18:23.617529+00	12	Geriatric Care	2	[{"changed": {"fields": ["Name [bn]"]}}]	18	8
495	2026-05-18 07:18:45.790609+00	13	Palliative Care	2	[{"changed": {"fields": ["Name [bn]"]}}]	18	8
496	2026-05-18 07:19:16.009443+00	13	Palliative Care	2	[{"changed": {"fields": ["Name [bn]"]}}]	18	8
497	2026-05-18 07:19:55.706245+00	14	Physiotherapy	2	[{"changed": {"fields": ["Name [bn]"]}}]	18	8
498	2026-05-18 07:20:14.862664+00	16	Regenerative therapy	2	[{"changed": {"fields": ["Name [bn]"]}}]	18	8
499	2026-05-18 07:20:32.324787+00	17	Stem therapy	2	[{"changed": {"fields": ["Name [bn]"]}}]	18	8
500	2026-05-18 07:26:37.286091+00	12	tes en	1	[{"added": {}}]	20	8
501	2026-05-18 07:28:49.53903+00	12	tes en	3		20	8
502	2026-05-18 07:32:14.44816+00	15	India	2	[{"changed": {"fields": ["Name [bn]"]}}]	11	8
503	2026-05-18 07:32:22.479495+00	23	Mental Health - Counseling Psychologist	2	[{"changed": {"fields": ["Name [bn]"]}}]	19	8
504	2026-05-18 07:32:43.444067+00	22	Hospital Booking - Al-Manar Hospital LTD	2	[{"changed": {"fields": ["Name [bn]"]}}]	19	8
505	2026-05-18 07:32:45.52102+00	14	China	2	[{"changed": {"fields": ["Name [bn]"]}}]	11	8
506	2026-05-18 07:33:06.546268+00	21	Hospital Booking - Apollo Clinic	2	[{"changed": {"fields": ["Name [bn]"]}}]	19	8
507	2026-05-18 07:33:25.94368+00	20	Hospital Booking - City Hospital	2	[{"changed": {"fields": ["Name [bn]"]}}]	19	8
508	2026-05-18 07:33:27.296754+00	6	Malaysia	2	[{"changed": {"fields": ["Name [bn]"]}}]	11	8
509	2026-05-18 07:33:43.392104+00	5	Singapore	2	[{"changed": {"fields": ["Name [bn]"]}}]	11	8
510	2026-05-18 07:33:47.113044+00	19	Mental Health - Psychiatrist	2	[{"changed": {"fields": ["Name [bn]"]}}]	19	8
511	2026-05-18 07:34:12.697942+00	18	Mental Health - Akidah Health Care	2	[{"changed": {"fields": ["Name [bn]"]}}]	19	8
512	2026-05-18 07:34:22.111001+00	4	Turkey	2	[{"changed": {"fields": ["Name [bn]"]}}]	11	8
513	2026-05-18 07:34:40.420539+00	17	Ambulance Service - M Ambulance	2	[{"changed": {"fields": ["Name [bn]"]}}]	19	8
514	2026-05-18 07:34:40.49883+00	3	Thailand	2	[{"changed": {"fields": ["Name [bn]"]}}]	11	8
515	2026-05-18 07:34:59.937405+00	16	Quick Diagnosis - AmarLab	2	[{"changed": {"fields": ["Name [bn]"]}}]	19	8
516	2026-05-18 07:35:25.40126+00	15	Dentist - Periodontology	2	[{"changed": {"fields": ["Name [bn]"]}}]	19	8
517	2026-05-18 07:36:28.808241+00	14	Dentist - Consultant Maxiliofacial Surgen	2	[{"changed": {"fields": ["Name [bn]"]}}]	19	8
518	2026-05-18 07:36:49.648888+00	13	Doctor Appointments - Gynaecology and Obstetrics	2	[{"changed": {"fields": ["Name [bn]"]}}]	19	8
519	2026-05-18 07:37:27.544703+00	12	Doctor Appointments - Endocrinology	2	[{"changed": {"fields": ["Name [bn]"]}}]	19	8
520	2026-05-18 07:38:59.349081+00	11	Doctor Appointments - Cardiology	2	[{"changed": {"fields": ["Name [bn]"]}}]	19	8
521	2026-05-18 07:39:21.624404+00	10	Doctor Appointments - Family Medicine	2	[{"changed": {"fields": ["Name [bn]"]}}]	19	8
522	2026-05-18 07:39:41.738026+00	9	Doctor Appointments - Rheumatology	2	[{"changed": {"fields": ["Name [bn]"]}}]	19	8
523	2026-05-18 07:40:06.402742+00	8	Doctor Appointments - Radio Therapy	2	[{"changed": {"fields": ["Name [bn]"]}}]	19	8
524	2026-05-18 07:40:36.468809+00	7	Doctor Appointments - Oncology	2	[{"changed": {"fields": ["Name [bn]"]}}]	19	8
525	2026-05-18 07:40:57.592026+00	6	Doctor Appointments - Urology	2	[{"changed": {"fields": ["Name [bn]"]}}]	19	8
526	2026-05-18 07:41:18.346226+00	5	Doctor Appointments - Gastroenterology	2	[{"changed": {"fields": ["Name [bn]"]}}]	19	8
527	2026-05-18 07:41:38.208196+00	4	Doctor Appointments - Neuromedicine	2	[{"changed": {"fields": ["Name [bn]"]}}]	19	8
528	2026-05-18 07:42:14.718892+00	3	Doctor Appointments - General Physician	2	[{"changed": {"fields": ["Name [bn]"]}}]	19	8
529	2026-05-18 07:42:33.847276+00	2	Doctor Appointments - Internal Medicine	2	[{"changed": {"fields": ["Name [bn]"]}}]	19	8
530	2026-05-18 07:52:58.826733+00	40	test description	3		15	8
531	2026-05-18 07:56:08.815234+00	39	Dr. Gazi Mazharul Islam Palash	2	[{"changed": {"fields": ["Name [bn]", "Designation [bn]"]}}]	15	8
532	2026-05-18 08:17:35.171579+00	38	Associate Prof . DR. MD. Abdullah Awal	2	[{"changed": {"fields": ["Name [bn]"]}}]	15	8
533	2026-05-18 08:18:03.223898+00	38	Associate Prof . DR. MD. Abdullah Awal	2	[{"changed": {"fields": ["Designation [bn]"]}}]	15	8
649	2026-05-19 11:00:41.355471+00	25	Blood Bank - Sandhani	1	[{"added": {}}]	19	8
534	2026-05-18 08:18:35.583114+00	37	Associate Prof . DR. MD. Abdullah Awal	2	[{"changed": {"fields": ["Name [bn]", "Designation [bn]"]}}]	15	8
535	2026-05-18 08:20:02.023957+00	36	DR. Junaid Abdullah Samiul Alam	2	[{"changed": {"fields": ["Name [bn]", "Designation [bn]"]}}]	15	8
536	2026-05-18 08:20:33.595476+00	4	Apollo Clinic	2	[{"changed": {"fields": ["Name [bn]"]}}]	35	8
537	2026-05-18 08:20:54.732408+00	35	Dr.  Md. Al Amin Hossain	2	[{"changed": {"fields": ["Name [bn]", "Designation [bn]"]}}]	15	8
538	2026-05-18 08:21:20.704687+00	3	Popular	2	[{"changed": {"fields": ["Name [bn]"]}}]	35	8
539	2026-05-18 08:21:33.253464+00	34	Sanjida Rezwana	2	[{"changed": {"fields": ["Name [bn]", "Designation [bn]"]}}]	15	8
540	2026-05-18 08:21:35.966148+00	2	Ibn Sina	2	[{"changed": {"fields": ["Name [bn]"]}}]	35	8
541	2026-05-18 08:22:18.56149+00	32	Dr. Sumaiya Nowsheen Khan Panthoi	2	[{"changed": {"fields": ["Name [bn]", "Designation [bn]"]}}]	15	8
542	2026-05-18 08:22:20.038647+00	1	Amarlab	2	[{"changed": {"fields": ["Name [bn]"]}}]	35	8
543	2026-05-18 08:23:17.494586+00	31	Dr. MD. Hasan Zaman	2	[{"changed": {"fields": ["Name [bn]", "Designation [bn]"]}}]	15	8
544	2026-05-18 08:33:26.604619+00	4	Apollo Clinic	2	[{"changed": {"fields": ["Name [bn]"]}}]	35	8
545	2026-05-18 08:34:05.350831+00	4	Apollo	2	[{"changed": {"fields": ["Name [en]"]}}]	35	8
546	2026-05-18 08:36:11.462177+00	38	Rutnin Eye Hospital	2	[{"changed": {"fields": ["Speciality [bn]"]}}]	12	8
547	2026-05-18 08:37:26.332313+00	37	Phyathai 2 International Hospital	2	[{"changed": {"fields": ["Name [bn]", "Speciality [bn]"]}}]	12	8
548	2026-05-18 08:38:00.733769+00	36	Vejthani Hospital	2	[{"changed": {"fields": ["Name [bn]", "Speciality [bn]"]}}]	12	8
549	2026-05-18 08:38:34.425226+00	35	Samitivej Hospital	2	[{"changed": {"fields": ["Name [bn]", "Speciality [bn]"]}}]	12	8
550	2026-05-18 08:39:03.888513+00	34	Bumrungrad International Hospital	2	[{"changed": {"fields": ["Name [bn]", "Speciality [bn]"]}}]	12	8
551	2026-05-18 08:39:41.750521+00	33	Bangkok Hospital	2	[{"changed": {"fields": ["Name [bn]", "Speciality [bn]"]}}]	12	8
552	2026-05-18 08:40:11.65399+00	32	Nakhonthon Hospital	2	[{"changed": {"fields": ["Name [bn]", "Speciality [bn]"]}}]	12	8
553	2026-05-18 08:40:40.606506+00	31	Sukhumvit Hospital	2	[{"changed": {"fields": ["Name [bn]", "Speciality [bn]"]}}]	12	8
554	2026-05-18 08:41:11.772904+00	30	MedPark hospital	2	[{"changed": {"fields": ["Name [bn]", "Speciality [bn]"]}}]	12	8
555	2026-05-18 08:41:50.681343+00	29	Fuwai Yunnan Hospital (Chinese Academy of Medical Sciences)	2	[{"changed": {"fields": ["Name [bn]", "Speciality [bn]"]}}]	12	8
556	2026-05-18 08:42:25.864401+00	28	Yunnan cancer hospital	2	[{"changed": {"fields": ["Name [bn]", "Speciality [bn]"]}}]	12	8
557	2026-05-18 08:42:44.886655+00	30	Dr. Sadia Sultana Lima	2	[{"changed": {"fields": ["Name [bn]", "Designation [bn]"]}}]	15	8
558	2026-05-18 08:43:05.889164+00	27	The First Affiliated Hospital of Kunming Medical University	2	[{"changed": {"fields": ["Name [bn]", "Speciality [bn]"]}}]	12	8
559	2026-05-18 08:43:34.481444+00	29	DR. Sadia Sultana Lima	2	[{"changed": {"fields": ["Name [bn]", "Designation [bn]"]}}]	15	8
560	2026-05-18 08:43:44.365252+00	26	Second   Affiliated Hospital of Kunming Medical University	2	[{"changed": {"fields": ["Name [bn]", "Speciality [bn]"]}}]	12	8
561	2026-05-18 08:44:13.352427+00	25	Kunming Tongren Hospital	2	[{"changed": {"fields": ["Name [bn]", "Speciality [bn]"]}}]	12	8
562	2026-05-18 08:44:48.673284+00	23	Yunnan Provincial TCM Hospital	2	[{"changed": {"fields": ["Name [bn]", "Speciality [bn]"]}}]	12	8
563	2026-05-18 08:44:52.420319+00	28	Associate Prof . DR.Manawarul Haque Tohin	2	[{"changed": {"fields": ["Name [bn]", "Designation [bn]"]}}]	15	8
564	2026-05-18 08:45:17.090956+00	22	Rela Hospital	2	[{"changed": {"fields": ["Name [bn]", "Speciality [bn]"]}}]	12	8
565	2026-05-18 08:45:34.270798+00	27	Dr. Junaid Zarif Mahbub	2	[{"changed": {"fields": ["Name [bn]", "Designation [bn]"]}}]	15	8
566	2026-05-18 08:45:58.077105+00	21	Wockhardt Hospitals	2	[{"changed": {"fields": ["Name [bn]", "Speciality [bn]"]}}]	12	8
567	2026-05-18 08:46:22.590473+00	26	Dr. Junaid Zarif Mahbub	2	[{"changed": {"fields": ["Name [bn]", "Designation [bn]"]}}]	15	8
568	2026-05-18 08:46:35.326706+00	20	Manipal hospital	2	[{"changed": {"fields": ["Name [bn]", "Speciality [bn]"]}}]	12	8
569	2026-05-18 08:47:01.462776+00	19	Max Hospital	2	[{"changed": {"fields": ["Name [bn]", "Speciality [bn]"]}}]	12	8
570	2026-05-18 08:47:30.932503+00	18	Medanta Hospital	2	[{"changed": {"fields": ["Name [bn]", "Speciality [bn]"]}}]	12	8
571	2026-05-18 08:47:37.66741+00	25	Dr. MD. Monsur Alam	2	[{"changed": {"fields": ["Name [bn]", "Designation [bn]"]}}]	15	8
572	2026-05-18 08:47:53.887024+00	17	Tata Memorial Hospital	2	[{"changed": {"fields": ["Name [bn]", "Speciality [bn]"]}}]	12	8
573	2026-05-18 08:48:26.63563+00	16	Rainbow Child Hospital	2	[{"changed": {"fields": ["Name [bn]", "Speciality [bn]"]}}]	12	8
574	2026-05-18 08:48:51.465394+00	15	HCG Pan India	2	[{"changed": {"fields": ["Name [bn]", "Speciality [bn]"]}}]	12	8
575	2026-05-18 08:48:56.937531+00	24	populer digonestic- Up to 10%	2	[{"changed": {"fields": ["Name [bn]", "Designation [bn]"]}}]	15	8
576	2026-05-18 08:49:16.283854+00	14	Apollo Pan India	2	[{"changed": {"fields": ["Name [bn]", "Speciality [bn]"]}}]	12	8
577	2026-05-18 08:49:46.655184+00	13	Suraya Pan India	2	[{"changed": {"fields": ["Name [bn]", "Speciality [bn]"]}}]	12	8
578	2026-05-18 08:50:18.501049+00	12	Fortis S. L. Raheja Hospital	2	[{"changed": {"fields": ["Name [bn]", "Speciality [bn]"]}}]	12	8
579	2026-05-18 08:51:08.718894+00	11	Fortis Pan India	2	[{"changed": {"fields": ["Name [bn]", "Speciality [bn]"]}}]	12	8
580	2026-05-18 08:51:36.442773+00	10	Dr L H Hiranandani Hospital	2	[{"changed": {"fields": ["Name [bn]", "Speciality [bn]"]}}]	12	8
581	2026-05-18 08:52:03.534326+00	9	KIMS Hospitals	2	[{"changed": {"fields": ["Name [bn]", "Speciality [bn]"]}}]	12	8
582	2026-05-18 08:52:04.806006+00	23	Dr. Md. Alim  Al Razi	2	[{"changed": {"fields": ["Name [bn]", "Designation [bn]"]}}]	15	8
583	2026-05-18 08:52:30.491477+00	8	Nanavati Max Super Speciality Hospital	2	[{"changed": {"fields": ["Name [bn]", "Speciality [bn]"]}}]	12	8
584	2026-05-18 08:52:48.75845+00	22	Prof.DR.MD.Abul Hossain	2	[{"changed": {"fields": ["Name [bn]", "Designation [bn]"]}}]	15	8
585	2026-05-18 08:53:33.680205+00	20	DR. Mezbah Ul Azeez	2	[{"changed": {"fields": ["Name [bn]", "Designation [bn]"]}}]	15	8
586	2026-05-18 08:53:35.333311+00	8	Nanavati Max Super Speciality Hospital	2	[{"changed": {"fields": ["Speciality [bn]"]}}]	12	8
587	2026-05-18 08:54:06.033827+00	7	Jaslok Hospital & Research Centre	2	[{"changed": {"fields": ["Name [bn]", "Speciality [bn]"]}}]	12	8
588	2026-05-18 08:54:15.896702+00	19	Dr. Mausumi Iqbal	2	[{"changed": {"fields": ["Name [bn]", "Designation [bn]"]}}]	15	8
650	2026-05-19 11:00:53.882996+00	25	Blood Bank - Sandhani	2	[]	19	8
589	2026-05-18 08:54:30.301089+00	6	All India Institute of Medical Sciences	2	[{"changed": {"fields": ["Name [bn]", "Speciality [bn]"]}}]	12	8
590	2026-05-18 08:54:57.112211+00	18	Associate Prof . Dr. Tajkera Sultana Chowdhury	2	[{"changed": {"fields": ["Name [bn]", "Designation [bn]"]}}]	15	8
591	2026-05-18 08:55:18.100801+00	5	Max Hospital	2	[{"changed": {"fields": ["Name [bn]", "Speciality [bn]"]}}]	12	8
592	2026-05-18 08:55:52.543816+00	4	Medanta Hospital	2	[{"changed": {"fields": ["Name [bn]", "Speciality [bn]"]}}]	12	8
593	2026-05-18 08:56:15.329974+00	3	Tata Memorial Hospital	2	[{"changed": {"fields": ["Name [bn]", "Speciality [bn]"]}}]	12	8
594	2026-05-18 08:56:18.249566+00	17	Dr. Fahmida Haque (Mou)	2	[{"changed": {"fields": ["Name [bn]", "Designation [bn]"]}}]	15	8
595	2026-05-18 08:58:41.757504+00	16	DR. Naurin Jahan Eva	2	[{"changed": {"fields": ["Name [bn]", "Designation [bn]"]}}]	15	8
596	2026-05-18 08:59:21.440225+00	15	DR.Kazi Nowal Akash	2	[{"changed": {"fields": ["Name [bn]", "Designation [bn]"]}}]	15	8
597	2026-05-18 08:59:59.589714+00	13	Associate Prof. DR. MD. Rassell	2	[{"changed": {"fields": ["Name [bn]", "Designation [bn]"]}}]	15	8
598	2026-05-18 09:03:09.724123+00	12	DR. MD. Abdullah Alamin Shohan	2	[{"changed": {"fields": ["Name [bn]", "Designation [bn]"]}}]	15	8
599	2026-05-18 09:04:54.929523+00	11	Assistant Prof. Dr. MD. Ishtiaqul Haque Martuza	2	[{"changed": {"fields": ["Name [bn]", "Designation [bn]"]}}]	15	8
600	2026-05-18 09:05:47.529901+00	10	DR. Avishek chakraborty	2	[{"changed": {"fields": ["Name [bn]", "Designation [bn]"]}}]	15	8
601	2026-05-18 09:06:37.927147+00	9	Prof. Dr.  Waheed Akhter	2	[{"changed": {"fields": ["Name [bn]", "Designation [bn]"]}}]	15	8
602	2026-05-18 09:07:23.818818+00	8	Assistant Prof. DR. K.M. Sakib	2	[{"changed": {"fields": ["Name [bn]", "Designation [bn]"]}}]	15	8
603	2026-05-18 09:08:05.084603+00	7	Assistant Prof . DR. MD. Rifat Zia Hossain	2	[{"changed": {"fields": ["Name [bn]", "Designation [bn]"]}}]	15	8
604	2026-05-18 09:08:43.455604+00	6	Assistant Prof. DR. Altaf Hossain	2	[{"changed": {"fields": ["Name [bn]", "Designation [bn]"]}}]	15	8
605	2026-05-18 09:09:38.687021+00	5	Assistant Prof. DR. Shafiqur Rahman	2	[{"changed": {"fields": ["Name [bn]", "Designation [bn]"]}}]	15	8
606	2026-05-18 09:10:08.943738+00	4	Prof.Dr.Md.Khorshed Alam	2	[{"changed": {"fields": ["Name [bn]", "Designation [bn]"]}}]	15	8
607	2026-05-18 09:12:25.11278+00	3	Dr. Md Abu Hasan Rubel	2	[{"changed": {"fields": ["Name [bn]", "Designation [bn]"]}}]	15	8
608	2026-05-18 09:32:16.048328+00	24	Kunming 311 Hospital	2	[{"changed": {"fields": ["Name [bn]", "Speciality [bn]"]}}]	12	8
609	2026-05-18 10:36:50.232914+00	9	Bed Wedges	2	[{"changed": {"fields": ["Name [bn]"]}}]	22	8
610	2026-05-18 10:37:59.659883+00	7	Respiratory Units	2	[{"changed": {"fields": ["Name [bn]"]}}]	22	8
611	2026-05-18 10:38:20.526516+00	6	Mobility Aids	2	[{"changed": {"fields": ["Name [bn]"]}}]	22	8
612	2026-05-18 10:38:37.219398+00	5	Face Masks and Gloves	2	[{"changed": {"fields": ["Name [bn]"]}}]	22	8
613	2026-05-18 10:38:54.700656+00	4	First Aid Supplies	2	[{"changed": {"fields": ["Name [bn]"]}}]	22	8
614	2026-05-18 10:39:10.702722+00	3	Wound Care & Personal Care	2	[{"changed": {"fields": ["Name [bn]"]}}]	22	8
615	2026-05-18 10:39:31.642438+00	2	Home Care/Furniture	2	[{"changed": {"fields": ["Name [bn]"]}}]	22	8
616	2026-05-18 10:39:51.029012+00	1	Diagnostic Devices	2	[{"changed": {"fields": ["Name [bn]"]}}]	22	8
617	2026-05-18 10:48:55.592194+00	5	Face Masks and Gloves	2	[{"changed": {"fields": ["Name [bn]"]}}]	22	8
618	2026-05-18 10:49:33.247461+00	3	Wound Care & Personal Care	2	[{"changed": {"fields": ["Name [bn]"]}}]	22	8
619	2026-05-18 10:49:55.532926+00	1	Diagnostic Devices	2	[]	22	8
620	2026-05-19 04:55:55.472071+00	13	Payment for Appointment 18 - paid	2	[{"changed": {"fields": ["Status"]}}]	33	8
621	2026-05-19 04:56:03.406973+00	11	Payment for Appointment 16 - paid	2	[{"changed": {"fields": ["Status"]}}]	33	8
622	2026-05-19 04:56:10.176849+00	10	Payment for Appointment 14 - paid	2	[{"changed": {"fields": ["Status"]}}]	33	8
623	2026-05-19 06:53:01.1919+00	3	Slider Two - 3	2	[{"changed": {"fields": ["Image"]}}]	10	8
624	2026-05-19 07:06:15.990663+00	3	Slider Two - 3	2	[{"changed": {"fields": ["Image"]}}]	10	8
625	2026-05-19 07:06:27.151338+00	6	Slider Two - 6	3		10	8
626	2026-05-19 07:06:27.151387+00	5	Slider Two - 5	3		10	8
627	2026-05-19 08:07:19.574197+00	23	AL Manar Hospital	2	[{"changed": {"fields": ["Name [bn]"]}}]	16	8
628	2026-05-19 08:07:39.491974+00	22	BIHS General Hospital	2	[{"changed": {"fields": ["Name [bn]"]}}]	16	8
629	2026-05-19 08:08:01.155244+00	21	National Institute of Neuroscience & Hospital	2	[{"changed": {"fields": ["Name [bn]"]}}]	16	8
630	2026-05-19 08:08:19.436566+00	20	Aysha Amjad Hoapital	2	[{"changed": {"fields": ["Name [bn]"]}}]	16	8
631	2026-05-19 08:08:41.512024+00	19	Islami Bank Hospital Khulna	2	[{"changed": {"fields": ["Name [bn]"]}}]	16	8
632	2026-05-19 08:09:04.186459+00	18	National Institute of Cardiovascular Diseases	2	[{"changed": {"fields": ["Name [bn]"]}}]	16	8
633	2026-05-19 08:09:26.369747+00	17	AmarLab	2	[{"changed": {"fields": ["Name [bn]"]}}]	16	8
634	2026-05-19 08:09:42.740266+00	16	Apollo Clinic	2	[{"changed": {"fields": ["Name [bn]"]}}]	16	8
635	2026-05-19 08:15:52.527591+00	15	Mohammadpur Fertility Services and Training Centre (MFSTC)	2	[{"changed": {"fields": ["Name [bn]"]}}]	16	8
636	2026-05-19 08:16:12.745562+00	14	Islami Bank Central Hospital	2	[{"changed": {"fields": ["Name [bn]"]}}]	16	8
637	2026-05-19 08:16:33.029106+00	11	Shaheed Suhrawardy Medical College & Hospital	2	[{"changed": {"fields": ["Name [bn]"]}}]	16	8
638	2026-05-19 08:35:33.489899+00	10	Pulse Health Care	2	[{"changed": {"fields": ["Name [bn]"]}}]	16	8
639	2026-05-19 08:36:05.087738+00	8	Sir Salimullah Medical College Mitford Hospital	2	[{"changed": {"fields": ["Name [bn]"]}}]	16	8
640	2026-05-19 08:36:28.674998+00	7	Bangladesh Medical  University (PG Hospital)	2	[{"changed": {"fields": ["Name [bn]"]}}]	16	8
641	2026-05-19 08:36:59.254901+00	6	National Institute of Cancer Research and Hospital	2	[{"changed": {"fields": ["Name [bn]"]}}]	16	8
642	2026-05-19 08:37:18.021371+00	5	National Institute Kidney Disease and Urology	2	[{"changed": {"fields": ["Name [bn]"]}}]	16	8
643	2026-05-19 08:37:48.942494+00	4	Gansasthaya Nagar hospital	2	[{"changed": {"fields": ["Name [bn]"]}}]	16	8
644	2026-05-19 08:38:07.544875+00	3	Labaid Cancer Hospital	2	[{"changed": {"fields": ["Name [bn]"]}}]	16	8
645	2026-05-19 10:03:47.125796+00	7	Slider Two - 7	1	[{"added": {}}]	10	8
646	2026-05-19 10:04:11.240973+00	8	Slider Two - 8	1	[{"added": {}}]	10	8
647	2026-05-19 10:04:37.244893+00	9	Slider Two - 9	1	[{"added": {}}]	10	8
648	2026-05-19 10:56:55.47714+00	24	Blood Bank - Bangladesh Red Crescent Society	1	[{"added": {}}]	19	8
651	2026-05-19 11:08:05.223969+00	41	AmarLab	1	[{"added": {}}]	15	8
652	2026-05-19 11:08:55.978562+00	24	populer digonestic- Up to 10%	2	[{"changed": {"fields": ["Years of experience", "Doctor fees"]}}]	15	8
653	2026-05-19 11:14:31.381954+00	24	Ibn Sina Diagnostic	1	[{"added": {}}]	16	8
654	2026-05-19 11:15:44.678587+00	42	IBN Sina Diagnostic Center	1	[{"added": {}}]	15	8
655	2026-05-19 11:16:30.877883+00	24	Populer Digonestic	2	[{"changed": {"fields": ["Name [en]"]}}]	15	8
656	2026-05-19 11:16:51.055661+00	42	IBN Sina Diagnostic Center	2	[{"changed": {"fields": ["Hospital"]}}]	15	8
657	2026-05-19 11:23:53.862854+00	43	ConCord Molecular Lab	1	[{"added": {}}]	15	8
658	2026-05-19 11:26:04.667045+00	44	Thyrocare	1	[{"added": {}}]	15	8
659	2026-05-19 11:34:53.773907+00	45	Dr. Lal PathLabs	1	[{"added": {}}]	15	8
660	2026-05-19 11:37:32.28175+00	45	Dr. Lal PathLabs	2	[{"changed": {"fields": ["Doctor details [en]", "Doctor details [bn]"]}}]	15	8
661	2026-05-19 11:42:11.373368+00	46	BIRDEM General Hospital	1	[{"added": {}}]	15	8
662	2026-05-20 04:43:29.388717+00	26	Telemedicine - Test	1	[{"added": {}}]	19	8
663	2026-05-20 05:32:36.671969+00	26	Telemedicine - Test	3		19	8
664	2026-05-20 05:38:49.257228+00	27	Telemedicine - General Physician	1	[{"added": {}}]	19	8
665	2026-05-20 05:45:06.205493+00	28	Telemedicine - Specialist  Doctor	1	[{"added": {}}]	19	8
666	2026-05-20 05:46:13.97746+00	27	Telemedicine - General Physician	2	[]	19	8
667	2026-05-20 05:47:31.940409+00	28	Telemedicine - Specialist  Doctor	2	[{"changed": {"fields": ["Icon"]}}]	19	8
668	2026-05-20 05:50:22.458362+00	29	Telemedicine - General Physician	1	[{"added": {}}]	19	8
669	2026-05-20 05:50:55.191328+00	27	Telemedicine - General Physician	3		19	8
670	2026-05-20 05:52:47.529824+00	29	Telemedicine - eneral Physician	2	[{"changed": {"fields": ["Name [en]"]}}]	19	8
671	2026-05-20 05:54:44.080809+00	29	Telemedicine - general physician	2	[{"changed": {"fields": ["Name [en]"]}}]	19	8
672	2026-05-20 05:55:27.217515+00	29	Telemedicine - General Physician.	2	[{"changed": {"fields": ["Name [en]"]}}]	19	8
673	2026-05-20 05:57:52.143591+00	29	Telemedicine - General Physician.	2	[{"changed": {"fields": ["Icon"]}}]	19	8
\.


--
-- Data for Name: django_content_type; Type: TABLE DATA; Schema: public; Owner: postgres
--

COPY public.django_content_type (id, app_label, model) FROM stdin;
1	admin	logentry
2	auth	group
3	auth	permission
4	contenttypes	contenttype
5	sessions	session
6	token_blacklist	blacklistedtoken
7	token_blacklist	outstandingtoken
8	authentication	user
9	slider	sliderone
10	slider	slidertwo
11	foreign_treatments	country
12	foreign_treatments	hospital
13	foreign_treatments	hospitaldetail
14	popular_service	booking
15	popular_service	doctor
16	popular_service	hospital
17	popular_service	payment
18	popular_service	servicecategory
19	popular_service	subcategory
20	other_medical_service	medicalservicecategory
21	other_medical_service	medicalservicedoctor
22	medical_accessories	accessorycategory
23	medical_accessories	medicalaccessory
24	top_doctor	booking
25	top_doctor	payment
26	top_doctor	topdoctor
27	special_doctor	specialbooking
28	special_doctor	specialcategory
29	special_doctor	specialdoctor
30	special_doctor	specialhospital
31	special_doctor	specialpayment
32	authentication	appointment
33	authentication	payment
34	notifications	quotewiserd
35	package	collaborationscompany
36	package	package
37	package	socialmediaservices
38	package	socialmediaservice
\.


--
-- Data for Name: django_migrations; Type: TABLE DATA; Schema: public; Owner: postgres
--

COPY public.django_migrations (id, app, name, applied) FROM stdin;
1	contenttypes	0001_initial	2026-04-19 08:46:56.983173+00
2	contenttypes	0002_remove_content_type_name	2026-04-19 08:46:56.990845+00
3	auth	0001_initial	2026-04-19 08:46:57.053607+00
4	auth	0002_alter_permission_name_max_length	2026-04-19 08:46:57.060391+00
5	auth	0003_alter_user_email_max_length	2026-04-19 08:46:57.066338+00
6	auth	0004_alter_user_username_opts	2026-04-19 08:46:57.072383+00
7	auth	0005_alter_user_last_login_null	2026-04-19 08:46:57.0801+00
8	auth	0006_require_contenttypes_0002	2026-04-19 08:46:57.082464+00
9	auth	0007_alter_validators_add_error_messages	2026-04-19 08:46:57.088899+00
10	auth	0008_alter_user_username_max_length	2026-04-19 08:46:57.095092+00
11	auth	0009_alter_user_last_name_max_length	2026-04-19 08:46:57.103322+00
12	auth	0010_alter_group_name_max_length	2026-04-19 08:46:57.112006+00
13	auth	0011_update_proxy_permissions	2026-04-19 08:46:57.118446+00
14	auth	0012_alter_user_first_name_max_length	2026-04-19 08:46:57.124628+00
15	authentication	0001_initial	2026-04-19 08:46:57.190698+00
16	admin	0001_initial	2026-04-19 08:46:57.223176+00
17	admin	0002_logentry_remove_auto_add	2026-04-19 08:46:57.232856+00
18	admin	0003_logentry_add_action_flag_choices	2026-04-19 08:46:57.240855+00
19	authentication	0002_otp_failed_attempts	2026-04-19 08:46:57.247034+00
20	authentication	0003_alter_user_phone_number	2026-04-19 08:46:57.25847+00
21	authentication	0004_otp_email_alter_otp_phone_number	2026-04-19 08:46:57.265019+00
22	authentication	0005_delete_otp_alter_user_is_verified	2026-04-19 08:46:57.275327+00
23	authentication	0006_user_district	2026-04-19 08:46:57.285008+00
24	authentication	0007_user_profile_picture	2026-04-19 08:46:57.294056+00
25	authentication	0008_alter_user_profile_picture	2026-04-19 08:46:57.301893+00
26	foreign_treatments	0001_initial	2026-04-19 08:46:57.355501+00
27	foreign_treatments	0002_alter_hospital_agreement_status_and_more	2026-04-19 08:46:57.366359+00
28	popular_service	0001_initial	2026-04-19 08:46:57.451134+00
29	popular_service	0002_alter_doctor_options	2026-04-19 08:46:57.45957+00
30	sessions	0001_initial	2026-04-19 08:46:57.478211+00
31	slider	0001_initial	2026-04-19 08:46:57.493896+00
32	token_blacklist	0001_initial	2026-04-19 08:46:57.543321+00
33	token_blacklist	0002_outstandingtoken_jti_hex	2026-04-19 08:46:57.554656+00
34	token_blacklist	0003_auto_20171017_2007	2026-04-19 08:46:57.576315+00
35	token_blacklist	0004_auto_20171017_2013	2026-04-19 08:46:57.593137+00
36	token_blacklist	0005_remove_outstandingtoken_jti	2026-04-19 08:46:57.606457+00
37	token_blacklist	0006_auto_20171017_2113	2026-04-19 08:46:57.616745+00
38	token_blacklist	0007_auto_20171017_2214	2026-04-19 08:46:57.6588+00
39	token_blacklist	0008_migrate_to_bigautofield	2026-04-19 08:46:57.725807+00
40	token_blacklist	0010_fix_migrate_to_bigautofield	2026-04-19 08:46:57.745537+00
41	token_blacklist	0011_linearizes_history	2026-04-19 08:46:57.747881+00
42	token_blacklist	0012_alter_outstandingtoken_user	2026-04-19 08:46:57.757929+00
43	token_blacklist	0013_alter_blacklistedtoken_options_and_more	2026-04-19 08:46:57.773394+00
44	foreign_treatments	0003_remove_hospital_agreement_status	2026-04-22 05:52:37.805438+00
45	foreign_treatments	0004_remove_hospital_public_hospital_count_and_more	2026-04-22 07:37:42.100283+00
46	popular_service	0003_subcategory_icon	2026-04-23 08:34:57.890755+00
47	popular_service	0004_doctor_contact_details_doctor_doctor_sedule_and_more	2026-04-23 09:58:39.170497+00
48	popular_service	0005_remove_hospital_address_and_more	2026-04-23 10:29:03.528153+00
49	popular_service	0006_hospital_address_hospital_contact_details	2026-04-23 10:29:03.537843+00
50	other_medical_service	0001_initial	2026-04-26 05:16:38.006522+00
51	medical_accessories	0001_initial	2026-04-26 05:53:43.544222+00
52	popular_service	0007_alter_servicecategory_options	2026-05-03 05:49:59.025058+00
53	top_doctor	0001_initial	2026-05-05 11:30:13.261736+00
54	top_doctor	0002_alter_booking_options_alter_payment_options_and_more	2026-05-05 11:30:13.305662+00
55	popular_service	0008_doctor_doctor_fees_doctor_years_of_experience	2026-05-09 04:48:39.206495+00
56	top_doctor	0003_topdoctor_fees	2026-05-09 04:48:39.221802+00
62	popular_service	0009_alter_doctor_doctor_fees	2026-05-10 08:37:32.718873+00
64	top_doctor	0004_rename_designations_topdoctor_designation_and_more	2026-05-10 08:37:32.916645+00
65	top_doctor	0005_alter_topdoctor_doctor_fees	2026-05-10 08:37:32.953791+00
66	authentication	0009_appointment_payment	2026-05-11 11:38:08.141843+00
67	popular_service	0010_remove_payment_booking_delete_booking_delete_payment	2026-05-11 11:38:08.213999+00
69	top_doctor	0006_remove_payment_booking_delete_booking_delete_payment	2026-05-11 11:38:08.30896+00
70	notifications	0001_initial	2026-05-12 06:14:37.913958+00
71	popular_service	0011_alter_doctor_options	2026-05-12 11:51:51.37103+00
72	package	0001_initial	2026-05-13 08:54:32.458649+00
73	package	0002_alter_collaborationscompany_options_and_more	2026-05-13 08:54:32.471151+00
74	package	0003_alter_collaborationscompany_name_and_more	2026-05-14 11:32:43.914288+00
75	popular_service	0012_servicecategory_banner	2026-05-14 11:32:43.926271+00
77	package	0003_socialmediaservices_alter_collaborationscompany_id_and_more	2026-05-16 12:07:16.852758+00
78	authentication	0010_alter_appointment_id_alter_payment_id_alter_user_id	2026-05-16 12:09:24.555924+00
79	foreign_treatments	0005_alter_country_id_alter_hospital_id_and_more	2026-05-16 12:09:24.704902+00
80	medical_accessories	0002_alter_accessorycategory_id_alter_medicalaccessory_id	2026-05-16 12:09:24.784806+00
81	notifications	0002_alter_quotewiserd_id	2026-05-16 12:09:24.819533+00
82	other_medical_service	0002_alter_medicalservicecategory_id_and_more	2026-05-16 12:09:24.902349+00
83	package	0004_socialmediaservice_delete_socialmediaservices_and_more	2026-05-16 12:11:53.20869+00
84	popular_service	0012_alter_doctor_id_alter_hospital_id_and_more	2026-05-16 12:12:57.669284+00
85	slider	0002_alter_sliderone_id_alter_slidertwo_id	2026-05-16 12:12:57.719915+00
87	top_doctor	0007_alter_topdoctor_id	2026-05-16 12:12:57.801851+00
88	popular_service	0013_servicecategory_banner	2026-05-17 05:12:20.479994+00
89	authentication	0011_user_district_bn_user_district_en_user_name_bn_and_more	2026-05-17 11:14:32.390583+00
90	foreign_treatments	0006_country_name_bn_country_name_en_hospital_name_bn_and_more	2026-05-17 11:14:32.600533+00
91	medical_accessories	0003_accessorycategory_name_bn_accessorycategory_name_en_and_more	2026-05-17 11:14:32.73713+00
92	notifications	0003_quotewiserd_quote_bn_quotewiserd_quote_en_and_more	2026-05-17 11:14:32.77421+00
93	other_medical_service	0003_medicalservicecategory_name_bn_and_more	2026-05-17 11:14:32.912981+00
94	package	0005_collaborationscompany_name_bn_and_more	2026-05-17 11:14:32.96668+00
95	popular_service	0014_doctor_contact_details_bn_doctor_contact_details_en_and_more	2026-05-17 11:14:33.164515+00
96	slider	0003_alter_sliderone_id_alter_slidertwo_id	2026-05-17 11:14:33.191078+00
98	top_doctor	0008_topdoctor_contact_details_bn_and_more	2026-05-17 11:14:33.577946+00
99	special_doctor	0001_initial	2026-05-18 04:01:12.866684+00
100	special_doctor	0002_specialbooking_specialpayment	2026-05-18 04:01:12.906113+00
101	special_doctor	0003_alter_specialdoctor_category_and_more	2026-05-18 04:01:12.973282+00
102	special_doctor	0004_rename_category_specialdoctor_subcategory	2026-05-18 04:01:12.996023+00
103	special_doctor	0005_alter_specialdoctor_hospital_and_more	2026-05-18 04:01:13.020405+00
104	special_doctor	0006_alter_specialdoctor_doctor_fees	2026-05-18 04:01:13.043866+00
105	special_doctor	0007_remove_specialpayment_booking_delete_specialbooking_and_more	2026-05-18 04:01:13.07477+00
106	special_doctor	0008_alter_specialdoctor_id	2026-05-18 04:01:13.109469+00
107	special_doctor	0009_specialdoctor_contact_details_bn_and_more	2026-05-18 04:01:13.297228+00
108	package	0004_socialmediaservices	2026-05-18 06:38:43.916129+00
109	package	0006_merge_20260518_0638	2026-05-18 06:38:43.925703+00
110	popular_service	0015_merge_20260518_0638	2026-05-18 06:38:43.928381+00
111	special_doctor	0008_remove_specialdoctor_subcategory_and_more	2026-05-18 06:38:43.985725+00
112	special_doctor	0010_merge_20260518_0638	2026-05-18 06:38:43.990234+00
113	popular_service	0016_alter_subcategory_options	2026-05-18 08:31:42.405274+00
114	popular_service	0017_alter_subcategory_options	2026-05-18 08:33:51.149691+00
115	popular_service	0018_alter_subcategory_options	2026-05-18 08:35:51.841805+00
116	popular_service	0019_remove_doctor_contact_details_bn_and_more	2026-05-18 08:39:43.713844+00
\.


--
-- Data for Name: django_session; Type: TABLE DATA; Schema: public; Owner: postgres
--

COPY public.django_session (session_key, session_data, expire_date) FROM stdin;
hxghx5o0w09p5grsaz72gr04nezw3qbm	.eJxVjDsOwjAQBe_iGlnxxl9K-pzB2rUXHEC2FCcV4u4QKQW0b2beS0Tc1hK3zkucszgLEKffjTA9uO4g37HemkytrstMclfkQbucWubn5XD_Dgr28q2vGpNN5EbNXoWRIRtIxigDnHEM2WrtPQANgUB5pclp5RRDIItIdhDvD9f0Nzc:1wF5Cb:djscqUnGyRtlbM9S4Rbg6QmPulJv2DOizN04Imx_qzU	2026-05-05 07:07:21.011542+00
209qmrq75an7hbsbaa2bogpgrefw0nao	.eJxVjDsOwjAQBe_iGlnxxl9K-pzB2rUXHEC2FCcV4u4QKQW0b2beS0Tc1hK3zkucszgLEKffjTA9uO4g37HemkytrstMclfkQbucWubn5XD_Dgr28q2vGpNN5EbNXoWRIRtIxigDnHEM2WrtPQANgUB5pclp5RRDIItIdhDvD9f0Nzc:1wF5Di:7k6UPn8GGag28HK6ahS71nWrm0k4VxAoP8yPhV2bbyM	2026-05-05 07:08:30.282969+00
zoqqjhdcvnejg5agcpq7p7pj21ns82ql	.eJxVjDsOwjAQBe_iGlnxxl9K-pzB2rUXHEC2FCcV4u4QKQW0b2beS0Tc1hK3zkucszgLEKffjTA9uO4g37HemkytrstMclfkQbucWubn5XD_Dgr28q2vGpNN5EbNXoWRIRtIxigDnHEM2WrtPQANgUB5pclp5RRDIItIdhDvD9f0Nzc:1wF9Ou:zkC5Bx8c9MU844iX0ky33ebYMQYe9KF0m8Byd2imVTI	2026-05-05 11:36:20.370252+00
0i68qhsgkr26i36jsvm5ll7f3jnqtyty	.eJxVjDsOwjAQBe_iGlnxxl9K-pzB2rUXHEC2FCcV4u4QKQW0b2beS0Tc1hK3zkucszgLEKffjTA9uO4g37HemkytrstMclfkQbucWubn5XD_Dgr28q2vGpNN5EbNXoWRIRtIxigDnHEM2WrtPQANgUB5pclp5RRDIItIdhDvD9f0Nzc:1wKvUV:XMjGVHMpjTBjl-JjzevyDs0S-BQh3cubcg5RjQa2lY0	2026-05-21 09:57:59.119418+00
61ihg69c4rintplp3o7aobhio8855p2x	.eJxVjDsOwjAQBe_iGln-26Gk5wzWeneDAyiW4qRC3B0ipYD2zcx7iQzbWvPWeckTibNI4vS7FcAHzzugO8y3JrHN6zIVuSvyoF1eG_Hzcrh_BxV6_dYeUJkA7NQ4jCoWzegItQpsyMRBJbJWo4NAyQ7GWRsZSRdjvY9eQxDvD-YpN2M:1wLyiD:jXg70u4RUbl8z7aFJjMQHDDu1kbGrch2tVXznqh4SnY	2026-05-24 07:36:29.098619+00
dfqg2rb46zrmlp0yj5ej80ufveo95x2o	.eJxVjDsOwjAQBe_iGln-26Gk5wzWeneDAyiW4qRC3B0ipYD2zcx7iQzbWvPWeckTibNI4vS7FcAHzzugO8y3JrHN6zIVuSvyoF1eG_Hzcrh_BxV6_dYeUJkA7NQ4jCoWzegItQpsyMRBJbJWo4NAyQ7GWRsZSRdjvY9eQxDvD-YpN2M:1wO6Lc:UhkYDvcPEhHLu5QyCGWz68L2AHWiI1xtFwbRzCK7uO8	2026-05-30 04:09:56.016543+00
3zpuocv1o1cae35jq0ypkxgqpoinzwj0	.eJxVjDsOwjAQBe_iGln-26Gk5wzWeneDAyiW4qRC3B0ipYD2zcx7iQzbWvPWeckTibNI4vS7FcAHzzugO8y3JrHN6zIVuSvyoF1eG_Hzcrh_BxV6_dYeUJkA7NQ4jCoWzegItQpsyMRBJbJWo4NAyQ7GWRsZSRdjvY9eQxDvD-YpN2M:1wOBNv:ZojQ8HCTWGeWrNMK8aYQWWObLVWIknQzabHM8bR6Q0c	2026-05-30 09:32:39.785247+00
\.


--
-- Data for Name: foreign_treatments_country; Type: TABLE DATA; Schema: public; Owner: postgres
--

COPY public.foreign_treatments_country (id, name, flag, created_at, name_bn, name_en) FROM stdin;
15	India	flags/Flag_of_India.svg.png	2026-04-22 05:05:38.233195+00	ভারত	India
14	China	flags/Chaina_jyhw1ix.png	2026-04-22 05:04:01.855637+00	চায়না	China
6	Malaysia	flags/Malaysia.jpg	2026-04-21 11:14:57.987896+00	মালয়েশিয়া	Malaysia
5	Singapore	flags/Singapore.jpg	2026-04-21 11:14:41.957081+00	সিঙ্গাপুর	Singapore
4	Turkey	flags/Turkey.jpg	2026-04-21 11:14:24.529998+00	তুরস্ক	Turkey
3	Thailand	flags/Thailand.jpg	2026-04-21 11:14:08.632195+00	থাইল্যান্ড	Thailand
\.


--
-- Data for Name: foreign_treatments_hospital; Type: TABLE DATA; Schema: public; Owner: postgres
--

COPY public.foreign_treatments_hospital (id, name, icon, created_at, country_id, speciality, name_bn, name_en, speciality_bn, speciality_en) FROM stdin;
26	Second   Affiliated Hospital of Kunming Medical University	hospital_icons/kunnig_qPd5LH8.png	2026-04-22 10:35:53.737164+00	14	Burn & Trauma Care,Organ Transplantation	কুনমিং মেডিকেল ইউনিভার্সিটির দ্বিতীয় অধিভুক্ত হাসপাতাল	Second   Affiliated Hospital of Kunming Medical University	পোড়া ও আঘাতজনিত যত্ন, অঙ্গ প্রতিস্থাপন	Burn & Trauma Care,Organ Transplantation
18	Medanta Hospital	hospital_icons/medanata_hospital.png	2026-04-22 09:28:07.151389+00	15	Heart and cancer care to organ transplants and advanced surgeries	মেদান্ত হাসপাতাল	Medanta Hospital	হৃদরোগ ও ক্যান্সারের চিকিৎসা থেকে শুরু করে অঙ্গ প্রতিস্থাপন এবং উন্নত অস্ত্রোপচার পর্যন্ত	Heart and cancer care to organ transplants and advanced surgeries
10	Dr L H Hiranandani Hospital	hospital_icons/hiranandani_clear_picture.png	2026-04-22 09:12:34.253879+00	15	advanced medical technology and international-standard treatment facilities	ডাঃ এল এইচ হিরানান্দানি হাসপাতাল	Dr L H Hiranandani Hospital	উন্নত চিকিৎসা প্রযুক্তি এবং আন্তর্জাতিক মানের চিকিৎসা সুবিধা	advanced medical technology and international-standard treatment facilities
9	KIMS Hospitals	hospital_icons/kims_clear_picture.png	2026-04-22 09:03:48.127818+00	15	advanced medical treatment with modern technology and expert doctors	কেআইএমএস হাসপাতাল	KIMS Hospitals	আধুনিক প্রযুক্তি এবং বিশেষজ্ঞ ডাক্তারদের দ্বারা উন্নত চিকিৎসা	advanced medical treatment with modern technology and expert doctors
8	Nanavati Max Super Speciality Hospital	hospital_icons/nanavaitmaxhospital_s00XPyO.png	2026-04-22 08:58:30.035224+00	15	Top tertiary-care hospital	নানাবতী ম্যাক্স সুপার স্পেশালিটি হাসপাতাল	Nanavati Max Super Speciality Hospital	শীর্ষ  টারশিয়ারি-কেয়ার হাসপাতাল	Top tertiary-care hospital
7	Jaslok Hospital & Research Centre	hospital_icons/jalsok_hospital_HpDrGwo.png	2026-04-22 08:49:27.527291+00	15	one of the oldest and reputed tertiary-care hospital	জাসলোক হাসপাতাল ও গবেষণা কেন্দ্র	Jaslok Hospital & Research Centre	প্রাচীনতম এবং স্বনামধন্য টারশিয়ারি-কেয়ার হাসপাতালগুলির মধ্যে একটি	one of the oldest and reputed tertiary-care hospital
6	All India Institute of Medical Sciences	hospital_icons/aiims-logo.png	2026-04-22 07:55:59.254769+00	15	multi-specialty hospital	অল ইন্ডিয়া ইনস্টিটিউট অফ মেডিকেল সায়েন্সেস	All India Institute of Medical Sciences	বহু-বিশেষজ্ঞ হাসপাতাল	multi-specialty hospital
5	Max Hospital	hospital_icons/max-hos-logo.png	2026-04-22 07:52:57.039683+00	15	multi-specialty hospital	ম্যাক্স হাসপাতাল	Max Hospital	বহু-বিশেষজ্ঞ হাসপাতাল	multi-specialty hospital
4	Medanta Hospital	hospital_icons/medanta.png	2026-04-22 07:51:01.369546+00	15	multi-super specialty hospital	মেদান্ত হাসপাতাল	Medanta Hospital	মাল্টি-সুপার স্পেশালিটি হাসপাতাল	multi-super specialty hospital
3	Tata Memorial Hospital	hospital_icons/Tata-Memorial-Hospital-TMH-Varanasi-Recruitment-2019.webp	2026-04-22 07:41:25.27602+00	15	Cancer Hospitals	টাটা মেমোরিয়াল হাসপাতাল	Tata Memorial Hospital	ক্যান্সার হাসপাতাল	Cancer Hospitals
22	Rela Hospital	hospital_icons/relahospital.png	2026-04-22 09:56:19.444993+00	15	Multi-organ transplantation (liver, kidney, heart, lung)	রেলা হাসপাতাল	Rela Hospital	বহু-অঙ্গ প্রতিস্থাপন (যকৃৎ, বৃক্ক, হৃৎপিণ্ড, ফুসফুস)	Multi-organ transplantation (liver, kidney, heart, lung)
19	Max Hospital	hospital_icons/maxhealth_care.png	2026-04-22 09:33:07.998566+00	15	Multi-specialty hospital	ম্যাক্স হাসপাতাল	Max Hospital	বহু-বিশেষজ্ঞ হাসপাতাল	Multi-specialty hospital
17	Tata Memorial Hospital	hospital_icons/Tata_Memorial_Hospital.png	2026-04-22 09:25:28.296154+00	15	Cancer treatment	টাটা মেমোরিয়াল হাসপাতাল	Tata Memorial Hospital	ক্যান্সারের চিকিৎসা	Cancer treatment
16	Rainbow Child Hospital	hospital_icons/rainbowshospital.jpg	2026-04-22 09:22:55.116836+00	15	Multi-specialty pediatric and maternity hospital	রেইনবো চাইল্ড হাসপাতাল	Rainbow Child Hospital	বহু-বিশেষজ্ঞ শিশু ও প্রসূতি হাসপাতাল	Multi-specialty pediatric and maternity hospital
15	HCG Pan India	hospital_icons/hcghospital.png	2026-04-22 09:21:00.870072+00	15	Cancer treatment	এইচসিজি প্যান ইন্ডিয়া	HCG Pan India	ক্যান্সারের চিকিৎসা	Cancer treatment
14	Apollo Pan India	hospital_icons/apollo_hospital.png	2026-04-22 09:19:30.007635+00	15	Providing advanced multispecialty and super-specialty healthcare	অ্যাপোলো প্যান ইন্ডিয়া	Apollo Pan India	উন্নত মাল্টিস্পেশালিটি এবং সুপার-স্পেশালিটি স্বাস্থ্যসেবা প্রদান	Providing advanced multispecialty and super-specialty healthcare
13	Suraya Pan India	hospital_icons/suryapanhospital.jpg	2026-04-22 09:18:28.577938+00	15	Women’s Health & Maternity	সুরায়া প্যান ইন্ডিয়া	Suraya Pan India	মহিলাদের স্বাস্থ্য ও মাতৃত্ব	Women’s Health & Maternity
12	Fortis S. L. Raheja Hospital	hospital_icons/Fortis_S._L._Raheja_Hospitalclearhospital.jpg	2026-04-22 09:16:27.76456+00	15	modern tertiary care center with advanced medical technology and experienced specialists	ফোর্টিস এস. এল. রাহেজা হাসপাতাল	Fortis S. L. Raheja Hospital	উন্নত চিকিৎসা প্রযুক্তি এবং অভিজ্ঞ বিশেষজ্ঞ সমন্বিত আধুনিক টারশিয়ারি কেয়ার সেন্টার	modern tertiary care center with advanced medical technology and experienced specialists
11	Fortis Pan India	hospital_icons/fortispan_clear_hospital.png	2026-04-22 09:13:35.426649+00	15	advanced multi-specialty and super-specialty medical treatment	ফোর্টিস প্যান ইন্ডিয়া	Fortis Pan India	উন্নত বহু-বিশেষজ্ঞ এবং অতি-বিশেষজ্ঞ চিকিৎসা	advanced multi-specialty and super-specialty medical treatment
33	Bangkok Hospital	hospital_icons/bangkoksssss.png	2026-04-22 11:10:14.081156+00	3	one of Thailand’s top international private hospitals, known for advanced technology and specialist doctors.	ব্যাংকক হাসপাতাল	Bangkok Hospital	থাইল্যান্ডের অন্যতম সেরা আন্তর্জাতিক বেসরকারি হাসপাতাল, যা উন্নত প্রযুক্তি এবং বিশেষজ্ঞ চিকিৎসকদের জন্য পরিচিত।	one of Thailand’s top international private hospitals, known for advanced technology and specialist doctors.
38	Rutnin Eye Hospital	hospital_icons/eyehospital.png	2026-04-22 11:20:12.255416+00	3	most famous eye hospitals	রুটনিন চক্ষু হাসপাতাল	Rutnin Eye Hospital	সবচেয়ে বিখ্যাত চক্ষু হাসপাতাল	most famous eye hospitals
37	Phyathai 2 International Hospital	hospital_icons/pathaya2.png	2026-04-22 11:18:50.310449+00	3	advanced medical technology, experienced specialists, and high-quality healthcare services for international patients.	ফিয়াথাই ২ আন্তর্জাতিক হাসপাতাল	Phyathai 2 International Hospital	আন্তর্জাতিক রোগীদের জন্য উন্নত চিকিৎসা প্রযুক্তি, অভিজ্ঞ বিশেষজ্ঞ এবং উচ্চমানের স্বাস্থ্যসেবা	advanced medical technology, experienced specialists, and high-quality healthcare services for international patients.
36	Vejthani Hospital	hospital_icons/vejthani.png	2026-04-22 11:16:51.835089+00	3	Orthopedic & Spine (Most Famous)Heart Center	ভেজথানি হাসপাতাল	Vejthani Hospital	অর্থোপেডিক ও স্পাইন (সবচেয়ে বিখ্যাত) হার্ট সেন্টার	Orthopedic & Spine (Most Famous)Heart Center
35	Samitivej Hospital	hospital_icons/samitejj.png	2026-04-22 11:13:57.567427+00	3	Several advanced medical fields	সম্মিলিত হাসপাতাল	Samitivej Hospital	বেশ কিছু উন্নত চিকিৎসা ক্ষেত্র	Several advanced medical fields
34	Bumrungrad International Hospital	hospital_icons/bumrungurd.png	2026-04-22 11:11:50.749817+00	3	Pediatric (children) treatment,Maternity & fertility care	বুমরুংগ্রাদ আন্তর্জাতিক হাসপাতাল	Bumrungrad International Hospital	শিশু চিকিৎসা, প্রসূতি ও প্রজনন যত্ন	Pediatric (children) treatment,Maternity & fertility care
32	Nakhonthon Hospital	hospital_icons/bangkokhospital.png	2026-04-22 11:08:28.144828+00	3	Heart & Cardiovascular Center	নাখোনথন হাসপাতাল	Nakhonthon Hospital	হার্ট ও কার্ডিওভাসকুলার সেন্টার	Heart & Cardiovascular Center
31	Sukhumvit Hospital	hospital_icons/sukumvit.png	2026-04-22 11:05:12.771469+00	3	modern technology like robotic surgery, advanced MRI/CT imaging, and minimally invasive procedures	সুখুমভিত হাসপাতাল	Sukhumvit Hospital	রোবোটিক সার্জারি, উন্নত এমআরআই/সিটি ইমেজিং এবং ন্যূনতম আক্রমণাত্মক পদ্ধতির মতো আধুনিক প্রযুক্তি	modern technology like robotic surgery, advanced MRI/CT imaging, and minimally invasive procedures
30	MedPark hospital	hospital_icons/medpark.png	2026-04-22 10:59:24.400238+00	3	treating complex and serious diseases	মেডপার্ক হাসপাতাল	MedPark hospital	জটিল ও গুরুতর রোগের চিকিৎসা	treating complex and serious diseases
29	Fuwai Yunnan Hospital (Chinese Academy of Medical Sciences)	hospital_icons/cancer_HN22HNi.png	2026-04-22 10:53:40.951446+00	14	Heart Disease Treatments	ফুওয়াই ইউনান হাসপাতাল (চাইনিজ একাডেমি অফ মেডিকেল সায়েন্সেস)	Fuwai Yunnan Hospital (Chinese Academy of Medical Sciences)	হৃদরোগের চিকিৎসা	Heart Disease Treatments
28	Yunnan cancer hospital	hospital_icons/cancer.png	2026-04-22 10:45:10.078416+00	14	Medical Oncology,Radiation Oncology	ইউনান ক্যান্সার হাসপাতাল	Yunnan cancer hospital	মেডিকেল অনকোলজি, রেডিয়েশন অনকোলজি	Medical Oncology,Radiation Oncology
27	The First Affiliated Hospital of Kunming Medical University	hospital_icons/firstkunning.png	2026-04-22 10:37:48.606638+00	14	Cardiology (Heart Department), Oncology (Cancer Department)	কুনমিং মেডিকেল ইউনিভার্সিটির প্রথম অধিভুক্ত হাসপাতাল	The First Affiliated Hospital of Kunming Medical University	কার্ডিওলজি (হৃদরোগ বিভাগ), অনকোলজি (ক্যান্সার বিভাগ)	Cardiology (Heart Department), Oncology (Cancer Department)
25	Kunming Tongren Hospital	hospital_icons/kunnig.png	2026-04-22 10:33:13.982657+00	14	All-in-One Advanced Multispecialty Care	কুনমিং টংরেন হাসপাতাল	Kunming Tongren Hospital	অল-ইন-ওয়ান অ্যাডভান্সড মাল্টিস্পেশালিটি কেয়ার	All-in-One Advanced Multispecialty Care
23	Yunnan Provincial TCM Hospital	hospital_icons/Yunnan_.png	2026-04-22 10:06:27.517871+00	14	Complete Multi-Specialty Medical Care	ইউনান প্রাদেশিক টিসিএম হাসপাতাল	Yunnan Provincial TCM Hospital	সম্পূর্ণ বহু-বিশেষজ্ঞ চিকিৎসা সেবা	Complete Multi-Specialty Medical Care
21	Wockhardt Hospitals	hospital_icons/workchit.png	2026-04-22 09:51:21.38843+00	15	private multispecialty hospital	ওকহার্ট হাসপাতাল	Wockhardt Hospitals	বেসরকারি মাল্টিস্পেশালিটি হাসপাতাল	private multispecialty hospital
20	Manipal hospital	hospital_icons/manipalhospital.png	2026-04-22 09:48:03.848508+00	15	multi‑specialty private hospital	মণিপাল হাসপাতাল	Manipal hospital	বহু-বিশেষজ্ঞ বেসরকারি হাসপাতাল	multi‑specialty private hospital
24	Kunming 311 Hospital	hospital_icons/baiduwaiki.png	2026-04-22 10:23:50.413079+00	14	All-in-One Advanced Multispecialty Care	কুনমিং ৩১১ হাসপাতাল	Kunming 311 Hospital	অল-ইন-ওয়ান অ্যাডভান্সড মাল্টিস্পেশালিটি কেয়ার	All-in-One Advanced Multispecialty Care
\.


--
-- Data for Name: foreign_treatments_hospitaldetail; Type: TABLE DATA; Schema: public; Owner: postgres
--

COPY public.foreign_treatments_hospitaldetail (id, banner, description, contact_info, created_at, hospital_id, contact_info_bn, contact_info_en, description_bn, description_en) FROM stdin;
1	hospital_banners/images.jpeg	Tata Memorial Hospital is one of India’s top specialized cancer hospitals. It mainly focuses on oncology (cancer treatment) and provides complete care from diagnosis to recovery	📩 Contact Us\r\n\r\n📧 Email: info.belleviebd@gmail.com\r\n\r\n📞 Phone Numbers:\r\n• +880 1805-464400\r\n• +880 1805-464391\r\n• +880 1805-464392	2026-04-22 07:48:19.298457+00	3	\N	📩 Contact Us\r\n\r\n📧 Email: info.belleviebd@gmail.com\r\n\r\n📞 Phone Numbers:\r\n• +880 1805-464400\r\n• +880 1805-464391\r\n• +880 1805-464392	\N	Tata Memorial Hospital is one of India’s top specialized cancer hospitals. It mainly focuses on oncology (cancer treatment) and provides complete care from diagnosis to recovery
3	hospital_banners/Assistant_Prof._DR._Altaf_Hossain.jpeg	test	test	2026-05-11 10:36:59.119304+00	37	\N	test	\N	test
\.


--
-- Data for Name: medical_accessories_accessorycategory; Type: TABLE DATA; Schema: public; Owner: postgres
--

COPY public.medical_accessories_accessorycategory (id, name, image, created_at, name_bn, name_en) FROM stdin;
9	Bed Wedges	accessory_categories/Bed_Wedges_IakcqQi.png	2026-04-27 10:33:02.689102+00	বেড ওয়েজেস	Bed Wedges
7	Respiratory Units	accessory_categories/Respiratory_Units.png	2026-04-27 10:01:53.433972+00	শ্বাসযন্ত্র ইউনিট	Respiratory Units
6	Mobility Aids	accessory_categories/Mobility_Aids.png	2026-04-27 10:01:12.571343+00	গতিশীলতা সহায়ক	Mobility Aids
4	First Aid Supplies	accessory_categories/First_Aid__Supplies.png	2026-04-27 09:59:59.0587+00	প্রাথমিক চিকিৎসার সরঞ্জাম	First Aid Supplies
2	Home Care/Furniture	accessory_categories/Home_Care.png	2026-04-27 09:53:39.756811+00	গৃহ পরিচর্যা/আসবাবপত্র	Home Care/Furniture
5	Face Masks and Gloves	accessory_categories/Face_Masks_and_Gloves.png	2026-04-27 10:00:44.768955+00	মুখের মাস্ক এবং গ্লাভস	Face Masks and Gloves
3	Wound Care & Personal Care	accessory_categories/Wound_Care__Personal_Care.png	2026-04-27 09:59:38.194221+00	ক্ষত পরিচর্যা ও ব্যক্তিগত পরিচর্যা	Wound Care & Personal Care
1	Diagnostic Devices	accessory_categories/Diagnostic_devices.png	2026-04-27 09:53:04.3071+00	ডায়াগনস্টিক ডিভাইস	Diagnostic Devices
\.


--
-- Data for Name: medical_accessories_medicalaccessory; Type: TABLE DATA; Schema: public; Owner: postgres
--

COPY public.medical_accessories_medicalaccessory (id, name, image, details, contact_details, created_at, category_id, contact_details_bn, contact_details_en, details_bn, details_en, name_bn, name_en) FROM stdin;
\.


--
-- Data for Name: notifications_quotewiserd; Type: TABLE DATA; Schema: public; Owner: postgres
--

COPY public.notifications_quotewiserd (id, title, quote, created_at, quote_bn, quote_en, title_bn, title_en) FROM stdin;
1	প্রতিদিনের স্বাস্থ্য টিপস	ভিটামিন ও মিনারেলের জন্য প্রতিদিন ফল ও সবজি খান।	2026-05-12 09:53:12.984452+00	\N	ভিটামিন ও মিনারেলের জন্য প্রতিদিন ফল ও সবজি খান।	\N	প্রতিদিনের স্বাস্থ্য টিপস
\.


--
-- Data for Name: other_medical_service_medicalservicecategory; Type: TABLE DATA; Schema: public; Owner: postgres
--

COPY public.other_medical_service_medicalservicecategory (id, name, image, created_at, name_bn, name_en) FROM stdin;
11	Test EN		2026-05-18 04:28:38.634845+00	Test BN	Test EN
2	Psychiatrist	service_categories/Psychiatrist.png	2026-04-27 06:57:37.189376+00	\N	Psychiatrist
3	Counselling Psychologist	service_categories/Counselling_Psychologist.png	2026-04-27 06:59:50.447687+00	\N	Counselling Psychologist
4	Dentists	service_categories/Dentists.png	2026-04-27 07:42:06.682294+00	\N	Dentists
5	Steam Therapy	service_categories/Stem_Therapy.png	2026-04-27 08:04:47.92694+00	\N	Steam Therapy
6	Regenerative Therapy	service_categories/RegenerativeTherapy.jpg	2026-04-27 08:11:11.761902+00	\N	Regenerative Therapy
7	Caregiver Services	service_categories/Caregiver_Services.png	2026-04-27 08:12:26.432014+00	\N	Caregiver Services
8	Physiotherapist	service_categories/Physiotherapist.png	2026-04-27 08:16:38.525298+00	\N	Physiotherapist
10	Chiropractic Services	service_categories/Chiropractic_Sertvices_8jO1EAt.png	2026-04-27 08:40:39.787159+00	Chiropractic Services	Chiropractic Services
\.


--
-- Data for Name: other_medical_service_medicalservicedoctor; Type: TABLE DATA; Schema: public; Owner: postgres
--

COPY public.other_medical_service_medicalservicedoctor (id, name, image, hospital, doctor_details, schedule_time, contact_number, created_at, category_id, doctor_details_bn, doctor_details_en, hospital_bn, hospital_en, name_bn, name_en, schedule_time_bn, schedule_time_en) FROM stdin;
\.


--
-- Data for Name: package_collaborationscompany; Type: TABLE DATA; Schema: public; Owner: postgres
--

COPY public.package_collaborationscompany (id, name, icon, created_at, name_bn, name_en) FROM stdin;
3	Popular	collaborations/Popular.webp	2026-05-14 06:26:34.561616+00	পপুলার	Popular
2	Ibn Sina	collaborations/ibnsina.jpeg	2026-05-14 06:25:25.437231+00	ইবনে সিনা	Ibn Sina
1	Amarlab	collaborations/amarlab.png	2026-05-14 06:24:56.842849+00	আমার ল্যাব	Amarlab
4	Apollo	collaborations/ApolloClinic.png	2026-05-14 06:28:38.989433+00	অ্যাপোলো	Apollo
\.


--
-- Data for Name: package_package; Type: TABLE DATA; Schema: public; Owner: postgres
--

COPY public.package_package (id, name, icon, details, contact, created_at, contact_bn, contact_en, details_bn, details_en, name_bn, name_en) FROM stdin;
\.


--
-- Data for Name: package_socialmediaservice; Type: TABLE DATA; Schema: public; Owner: postgres
--

COPY public.package_socialmediaservice (id, name, icon, created_at, name_bn, name_en) FROM stdin;
1	test	social_media_icons/42090189_8974495.jpg	2026-05-17 04:08:18.733474+00	\N	test
\.


--
-- Data for Name: package_socialmediaservices; Type: TABLE DATA; Schema: public; Owner: postgres
--

COPY public.package_socialmediaservices (id, name, icon, created_at) FROM stdin;
\.


--
-- Data for Name: popular_service_doctor; Type: TABLE DATA; Schema: public; Owner: postgres
--

COPY public.popular_service_doctor (id, name, image, designation, doctor_details, hospital_id, subcategory_id, contact_details, doctor_sedule, doctor_fees, years_of_experience, designation_bn, designation_en, doctor_details_bn, doctor_details_en, name_bn, name_en) FROM stdin;
6	Assistant Prof. DR. Altaf Hossain	doctor_images/Assistant_Professor_altaf__Hossain.jpeg	MBBS, MD, BCS ( Health )	\N	6	7	Doctor Appointment Hotline\r\n\r\n📞 01805-464400\r\n📞 01805-464391\r\n📞 01805-464392	4pm - 10 pm ( sat ,sun, mon , tue , wed )	1000	15	এমবিবিএস, এমডি, বিসিএস (স্বাস্থ্য)	MBBS, MD, BCS ( Health )	\N	\N	সহকারী অধ্যাপক ড. আলতাফ হোসেন	Assistant Prof. DR. Altaf Hossain
41	AmarLab	doctor_images/amar-lab.png	Pathology	Amarlab is an at-home-at-work pathology test service that provides diagnostic services at home for your own comfort. We go to your house, collect sample, transport them to the lab of your choice for testing and then deliver the report at your doorsteps.\r\n\r\nAmarlab service is beneficial to the patients who face difficulty in travelling to receive healthcare facilities for various reasons including inaccessible transport, disability, old age or busy schedules. With the first of its kind initiative in Dhaka, people do not need to travel to and wait at diagnostic centers for medical tests. Enjoy diagnostic services from the comfort of your own home with Amarlab!	17	16			\N	\N	প্যাথলজি	Pathology	আমারল্যাব হলো একটি ঘরে-বাড়িতে প্যাথলজি পরীক্ষা পরিষেবা, যা আপনার সুবিধার্থে বাড়িতেই রোগ নির্ণয় পরিষেবা প্রদান করে। আমরা আপনার বাড়িতে গিয়ে নমুনা সংগ্রহ করি, পরীক্ষার জন্য আপনার পছন্দের ল্যাবে তা পৌঁছে দিই এবং তারপর আপনার দোরগোড়ায় রিপোর্টটি পৌঁছে দিই।\r\n\r\nআমারল্যাব পরিষেবাটি সেইসব রোগীদের জন্য উপকারী, যারা দুর্গম পরিবহন ব্যবস্থা, শারীরিক অক্ষমতা, বার্ধক্য বা ব্যস্ত সময়সূচীর মতো বিভিন্ন কারণে স্বাস্থ্যসেবা কেন্দ্রে যেতে অসুবিধা বোধ করেন। ঢাকায় এই ধরনের প্রথম উদ্যোগের ফলে, মানুষকে আর চিকিৎসা পরীক্ষার জন্য রোগ নির্ণয় কেন্দ্রে যেতে এবং অপেক্ষা করতে হবে না। আমারল্যাবের সাথে আপনার নিজের বাড়ির আরামেই রোগ নির্ণয় পরিষেবা উপভোগ করুন!	Amarlab is an at-home-at-work pathology test service that provides diagnostic services at home for your own comfort. We go to your house, collect sample, transport them to the lab of your choice for testing and then deliver the report at your doorsteps.\r\n\r\nAmarlab service is beneficial to the patients who face difficulty in travelling to receive healthcare facilities for various reasons including inaccessible transport, disability, old age or busy schedules. With the first of its kind initiative in Dhaka, people do not need to travel to and wait at diagnostic centers for medical tests. Enjoy diagnostic services from the comfort of your own home with Amarlab!	আমারল্যাব	AmarLab
24	Populer Digonestic	doctor_images/popular-lab.png	pathology	test percentage	17	16			\N	\N	প্যাথলজি	pathology	\N	test percentage	পপুলার ডায়াগনস্টিক-এ সর্বোচ্চ ১০% পর্যন্ত ছাড়	Populer Digonestic
35	Dr.  Md. Al Amin Hossain	doctor_images/dr_Pnnu58q._Md._AL_Amin_Hossain.jpg	MBBS, BCS, MS(Neurosurgery)	\N	21	4	Doctor Appointment Hotline\r\n\r\n📞 01805-464400\r\n📞 01805-464391\r\n📞 01805-464392	3PM - 12AM	1000	11	এমবিবিএস, বিসিএস, এমএস (নিউরসার্জারি)	MBBS, BCS, MS(Neurosurgery)	\N	\N	ডাঃ মোঃ আল আমিন হোসেন	Dr.  Md. Al Amin Hossain
8	Assistant Prof. DR. K.M. Sakib	doctor_images/WhatsApp_Image_2026-05-03_at_3.36.18_PM.jpeg	MBBS , MS ( surgical oncology )	\N	6	7	Doctor Appointment Hotline\r\n\r\n📞 01805-464400\r\n📞 01805-464391\r\n📞 01805-464392	Everyday anytime	1500	14	এমবিবিএস, এমএস (সার্জিক্যাল অনকোলজি)	MBBS , MS ( surgical oncology )	\N	\N	সহকারী অধ্যাপক ড. কে. এম. সাকিব	Assistant Prof. DR. K.M. Sakib
42	IBN Sina Diagnostic Center	doctor_images/ibn-sina.jpeg	Pathology	The Ibn Sina Trust started its journey in June 1980 with a noble vision “To serve the humanity”. The trust has agreed upon to provide healthcare service to the people of Bangladesh at affordable cost. At the early of its commencement, few dedicated social workers of Bangladesh came together and had been united with a strong determination to serve people of the country, the compatriots. That ambition was materialized in the form of “The Ibn Sina Trust”.\r\n\r\nAt the time of launching, the trust was an institute of 13 employees including Physicians, Technical and Administrative staffs. Over the period of time, by the grace of almighty Allah Subhanahu Wa Tala, the Ibn Sina Trust is now a name of ‘TRUST’ in the sector of health care in Bangladesh and is one of the largest health service provider in South Asia.\r\n\r\nThe trust is now serving the people of Bangladesh by providing health facilities through a reputed Medical College, a renowned Nursing Institute, a specialized hospital with 300 beds along with other two general hospitals consist of 300 and 50 beds. Besides, the Ibn Sina Trust is more famous in the sector of diagnosis and investigation. It is an ISO certified organization and has one of the equipped laboratories of the country.\r\n\r\nThe laboratory and imaging reports of Ibn Sina Diagnostic centers are well accepted in Singapore General Hospital, Mount Elizabeth Hospital Singapore, Bumrungrad International Hospital Thailand and other reputed hospitals of Asia. It has been possible because of using latest analyzer and imaging machineries of medical science in Ibn Sina Diagnostic Centers. Well educated and the most experienced reporting consultants are working hard here to verify the reports.\r\n\r\nIt is our pride to mention that our consultants have authority on their respective area of expertise with European and North American degrees. The Ibn Sina Trust is enthusiastic to introduce the latest inventions of medical science of Germany, Europe and North America. Our laboratory has 3 Tesla with Biometric MRI, 128 slice CT scan machine and other latest imaging and laboratory machineries. It won’t be excess to mention that we have introduced these machines well ahead of other countries of South Asia. World famous Siemens-Germany, General Electronic-USA, Olympus Japan, Kiazon Japan, Nihonkoden Japan, and Fuji Japan are our proud suppliers.	17	16			\N	\N	প্যাথলজি	Pathology	মানবতার সেবা করা এই মহৎ উদ্দেশ্য নিয়ে ১৯৮০ সালের জুন মাসে ইবনে সিনা ট্রাস্ট তার যাত্রা শুরু করে। ট্রাস্টটি বাংলাদেশের জনগণকে সাশ্রয়ী মূল্যে স্বাস্থ্যসেবা প্রদানের অঙ্গীকার করেছে। এর সূচনালগ্নে, বাংলাদেশের কয়েকজন নিবেদিতপ্রাণ সমাজকর্মী দেশের মানুষের, দেশবাসীর সেবা করার দৃঢ় সংকল্প নিয়ে একত্রিত হয়েছিলেন। সেই উচ্চাকাঙ্ক্ষাই “ইবনে সিনা ট্রাস্ট” রূপে বাস্তবায়িত হয়।\r\n\r\nপ্রতিষ্ঠার সময়, ট্রাস্টটি চিকিৎসক, কারিগরি ও প্রশাসনিক কর্মীসহ ১৩ জন কর্মচারী নিয়ে একটি প্রতিষ্ঠান ছিল। সময়ের সাথে সাথে, সর্বশক্তিমান আল্লাহ সুবহানাহু ওয়া তা'আলার কৃপায়, ইবনে সিনা ট্রাস্ট এখন বাংলাদেশের স্বাস্থ্যসেবা খাতে একটি ‘ট্রাস্ট’ নামে পরিচিত এবং দক্ষিণ এশিয়ার অন্যতম বৃহত্তম স্বাস্থ্যসেবা প্রদানকারী প্রতিষ্ঠান।\r\n\r\nট্রাস্টটি বর্তমানে একটি স্বনামধন্য মেডিকেল কলেজ, একটি সুপরিচিত নার্সিং ইনস্টিটিউট, ৩০০ শয্যাবিশিষ্ট একটি বিশেষায়িত হাসপাতাল এবং ৩০০ ও ৫০ শয্যাবিশিষ্ট আরও দুটি সাধারণ হাসপাতালের মাধ্যমে স্বাস্থ্য সুবিধা প্রদান করে বাংলাদেশের জনগণের সেবা করছে। এছাড়াও, ইবনে সিনা ট্রাস্ট রোগ নির্ণয় এবং তদন্তের ক্ষেত্রে অধিক বিখ্যাত। এটি একটি আইএসও সনদপ্রাপ্ত প্রতিষ্ঠান এবং দেশের অন্যতম সুসজ্জিত পরীক্ষাগারগুলোর একটির মালিক।\r\n\r\nইবনে সিনা ডায়াগনস্টিক সেন্টারের ল্যাবরেটরি এবং ইমেজিং রিপোর্টগুলো সিঙ্গাপুর জেনারেল হাসপাতাল, মাউন্ট এলিজাবেথ হাসপাতাল সিঙ্গাপুর, বুমরুংগ্রাদ ইন্টারন্যাশনাল হাসপাতাল থাইল্যান্ড এবং এশিয়ার অন্যান্য স্বনামধন্য হাসপাতালগুলোতে ব্যাপকভাবে গৃহীত হয়। ইবনে সিনা ডায়াগনস্টিক সেন্টারে চিকিৎসা বিজ্ঞানের সর্বাধুনিক অ্যানালাইজার এবং ইমেজিং যন্ত্রপাতি ব্যবহারের ফলেই এটি সম্ভব হয়েছে। সুশিক্ষিত এবং সবচেয়ে অভিজ্ঞ রিপোর্টিং পরামর্শদাতারা রিপোর্টগুলো যাচাই করার জন্য এখানে কঠোর পরিশ্রম করছেন।\r\n\r\nএটি উল্লেখ করা আমাদের জন্য গর্বের বিষয় যে, আমাদের পরামর্শদাতারা ইউরোপীয় এবং উত্তর আমেরিকান ডিগ্রিসহ নিজ নিজ বিশেষজ্ঞতার ক্ষেত্রে কর্তৃত্বসম্পন্ন। ইবনে সিনা ট্রাস্ট জার্মানি, ইউরোপ এবং উত্তর আমেরিকার চিকিৎসা বিজ্ঞানের সর্বশেষ উদ্ভাবনগুলো প্রবর্তন করতে আগ্রহী। আমাদের ল্যাবরেটরিতে বায়োমেট্রিক এমআরআই সহ ৩ টেসলা, ১২৮ স্লাইস সিটি স্ক্যান মেশিন এবং অন্যান্য সর্বাধুনিক ইমেজিং ও ল্যাবরেটরি যন্ত্রপাতি রয়েছে। এটি উল্লেখ করা অত্যুক্তি হবে না যে, আমরা দক্ষিণ এশিয়ার অন্যান্য দেশগুলোর অনেক আগেই এই মেশিনগুলো চালু করেছি। বিশ্ববিখ্যাত সিমেন্স-জার্মানি, জেনারেল ইলেকট্রনিক-ইউএসএ, অলিম্পাস জাপান, কিয়াজন জাপান, নিহনকোডেন জাপান এবং ফুজি জাপান আমাদের গর্বিত সরবরাহকারী।	The Ibn Sina Trust started its journey in June 1980 with a noble vision “To serve the humanity”. The trust has agreed upon to provide healthcare service to the people of Bangladesh at affordable cost. At the early of its commencement, few dedicated social workers of Bangladesh came together and had been united with a strong determination to serve people of the country, the compatriots. That ambition was materialized in the form of “The Ibn Sina Trust”.\r\n\r\nAt the time of launching, the trust was an institute of 13 employees including Physicians, Technical and Administrative staffs. Over the period of time, by the grace of almighty Allah Subhanahu Wa Tala, the Ibn Sina Trust is now a name of ‘TRUST’ in the sector of health care in Bangladesh and is one of the largest health service provider in South Asia.\r\n\r\nThe trust is now serving the people of Bangladesh by providing health facilities through a reputed Medical College, a renowned Nursing Institute, a specialized hospital with 300 beds along with other two general hospitals consist of 300 and 50 beds. Besides, the Ibn Sina Trust is more famous in the sector of diagnosis and investigation. It is an ISO certified organization and has one of the equipped laboratories of the country.\r\n\r\nThe laboratory and imaging reports of Ibn Sina Diagnostic centers are well accepted in Singapore General Hospital, Mount Elizabeth Hospital Singapore, Bumrungrad International Hospital Thailand and other reputed hospitals of Asia. It has been possible because of using latest analyzer and imaging machineries of medical science in Ibn Sina Diagnostic Centers. Well educated and the most experienced reporting consultants are working hard here to verify the reports.\r\n\r\nIt is our pride to mention that our consultants have authority on their respective area of expertise with European and North American degrees. The Ibn Sina Trust is enthusiastic to introduce the latest inventions of medical science of Germany, Europe and North America. Our laboratory has 3 Tesla with Biometric MRI, 128 slice CT scan machine and other latest imaging and laboratory machineries. It won’t be excess to mention that we have introduced these machines well ahead of other countries of South Asia. World famous Siemens-Germany, General Electronic-USA, Olympus Japan, Kiazon Japan, Nihonkoden Japan, and Fuji Japan are our proud suppliers.	ইবনে সিনা ডায়াগনস্টিক সেন্টার	IBN Sina Diagnostic Center
32	Dr. Sumaiya Nowsheen Khan Panthoi	doctor_images/Dr._Sumaiya_Nowsheen_Khan_Panthoi.jpeg	MBBS	\N	3	3	Doctor Appointment Hotline\r\n\r\n📞 01805-464400\r\n📞 01805-464391\r\n📞 01805-464392	12pm-6pm ( mon, wed, fri)	500	5	এমবিবিএস	MBBS	\N	\N	ডাঃ সুমাইয়া নওশীন খান পান্থোই	Dr. Sumaiya Nowsheen Khan Panthoi
31	Dr. MD. Hasan Zaman	doctor_images/Dr._Md._Hasan_Zaman2.webp	MBBS, MD	\N	18	11	Doctor Appointment Hotline\r\n\r\n📞 01805-464400\r\n📞 01805-464391\r\n📞 01805-464392	10 Am - 10 Pm ( Sat, Sun,  Mon, Tue, Wed,  Thu)	350	6	এমবিবিএস, এমডি	MBBS, MD	\N	\N	ডাঃ মোঃ হাসান জামান	Dr. MD. Hasan Zaman
28	Associate Prof . DR.Manawarul Haque Tohin	doctor_images/WhatsApp_Image_2026-05-07_at_10.20.45_AM.jpeg	MBBS.(SSMC) MD Cardology) MCVD	\N	18	11	Doctor Appointment Hotline\r\n\r\n📞 01805-464400\r\n📞 01805-464391\r\n📞 01805-464392	all day (as per requerment)	400	19	এমবিবিএস (এসএসএমসি), এমডি কার্ডোলজি, এমসিভিডি	MBBS.(SSMC) MD Cardology) MCVD	\N	\N	সহযোগী অধ্যাপক ডাঃ মানাওয়ারুল হক তোহিন	Associate Prof . DR.Manawarul Haque Tohin
26	Dr. Junaid Zarif Mahbub	doctor_images/Junaid_zarif_1EMp5aN.jpeg	MBBS, MRCP, PACES(Medicine) FCPS(FP) Gastro	\N	11	2	Doctor Appointment Hotline\r\n\r\n📞 01805-464400\r\n📞 01805-464391\r\n📞 01805-464392	Everyday , anytime -( thu before -9pm )	400	5	এমবিবিএস, এমআরসিপি, পিএসিইএস (মেডিসিন), এফসিপিএস (এফপি), গ্যাস্ট্রো	MBBS, MRCP, PACES(Medicine) FCPS(FP) Gastro	\N	\N	ডাঃ জুনায়েদ জারিফ মাহবুব	Dr. Junaid Zarif Mahbub
16	DR. Naurin Jahan Eva	doctor_images/WhatsApp_Image_2026-05-04_at_10.33.06_AM.jpeg	MBBS (CMC) FCPS , P-2 Trainee	\N	15	3	Doctor Appointment Hotline\r\n\r\n📞 01805-464400\r\n📞 01805-464391\r\n📞 01805-464392	Evening ( 6.00 - 11.00 pm ) , without fri	500	2	এমবিবিএস (সিএমসি) এফসিপিএস, পি-২ ট্রেইনি	MBBS (CMC) FCPS , P-2 Trainee	\N	\N	ডঃ নৌরিন জাহান ইভা	DR. Naurin Jahan Eva
5	Assistant Prof. DR. Shafiqur Rahman	doctor_images/Assistant_prof._Shafiqur_Rahman.jpeg	MBBS , MS , Surgeon	\N	5	6	Doctor Appointment Hotline\r\n\r\n📞 01805-464400\r\n📞 01805-464391\r\n📞 01805-464392	sat , sun ,mon ,tue , wed	700	27	এমবিবিএস, এমএস, সার্জন	MBBS , MS , Surgeon	\N	\N	সহকারী অধ্যাপক ড. শফিকুর রহমান	Assistant Prof. DR. Shafiqur Rahman
4	Prof.Dr.Md.Khorshed Alam	doctor_images/dr_khorshed.jpg	MD(Mosco) DMRT, MCPS, BCPS	\N	4	7	Doctor Appointment Hotline\r\n\r\n📞 01805-464400\r\n📞 01805-464391\r\n📞 01805-464392	everyday(10AM-10PM)	1000	30	এমডি (মোস্কো) ডিএমআরটি, এমসিপিএস, বিসিপিএস	MD(Mosco) DMRT, MCPS, BCPS	\N	\N	অধ্যাপক ড. মো. খোরশেদ আলম	Prof.Dr.Md.Khorshed Alam
3	Dr. Md Abu Hasan Rubel	doctor_images/WhatsApp_Image_2026-05-03_at_3.33.23_PM.jpeg	MBBS, FCPS , Associate Consaltant	\N	3	2	Doctor Appointment Hotline\r\n\r\n📞 01805-464400\r\n📞 01805-464391\r\n📞 01805-464392	8PM-9PM (Sun, Mon,Tue, Wed)	500	10	এমবিবিএস, এফসিপিএস, সহযোগী পরামর্শক	MBBS, FCPS , Associate Consaltant	\N	\N	ডাঃ মোঃ আবু হাসান রুবেল	Dr. Md Abu Hasan Rubel
43	ConCord Molecular Lab	doctor_images/concord.png	Pathology	\N	17	16			\N	\N	প্যাথলজি	Pathology	\N	\N	কনকর্ড মলিকিউলার ল্যাব	ConCord Molecular Lab
11	Assistant Prof. Dr. MD. Ishtiaqul Haque Martuza	doctor_images/Assistant_Prof._Dr._MD._Ishtiaqul_Haque_Martuza.jpeg	MBBS,BCS ( Health ) ,MS ( Urology )	\N	11	6	Doctor Appointment Hotline\r\n\r\n📞 01805-464400\r\n📞 01805-464391\r\n📞 01805-464392	9.30 - 10.30 pm ( SUN , MON, WED )	1000	10	এমবিবিএস, বিসিএস (স্বাস্থ্য), এমএস (ইউরোলজি)	MBBS,BCS ( Health ) ,MS ( Urology )	\N	\N	সহযোগী অধ্যাপক ড. মো. ইশতিয়াকুল হক মার্তুজা	Assistant Prof. Dr. MD. Ishtiaqul Haque Martuza
38	Associate Prof . DR. MD. Abdullah Awal	doctor_images/Dr_4knDr4Q._Md_abdul_Awal.jpeg	MBBS, FCPS(Medicine)	\N	22	12	Doctor Appointment Hotline\r\n\r\n📞 01805-464400\r\n📞 01805-464391\r\n📞 01805-464392	10 PM -11 PM All day	1040	20	এমবিবিএস, এফসিপিএস (মেডিসিন)	MBBS, FCPS(Medicine)	\N	\N	সহযোগী অধ্যাপক ড. মো. আবদুল্লাহ আউয়াল	Associate Prof . DR. MD. Abdullah Awal
30	Dr. Sadia Sultana Lima	doctor_images/14c6db3c-f402-4e72-ac27-290e1756643e_qQ9FYaP.jpeg	MBBS	\N	3	3	Doctor Appointment Hotline\r\n\r\n📞 01805-464400\r\n📞 01805-464391\r\n📞 01805-464392	10am-10pm (all day)	400	4	এমবিবিএস	MBBS	\N	\N	ডাঃ সাদিয়া সুলতানা লিমা	Dr. Sadia Sultana Lima
29	DR. Sadia Sultana Lima	doctor_images/14c6db3c-f402-4e72-ac27-290e1756643e.jpeg	MBBS	\N	3	13	Doctor Appointment Hotline\r\n\r\n📞 01805-464400\r\n📞 01805-464391\r\n📞 01805-464392	10am-10pm (all day)	400	4	এমবিবিএস	MBBS	\N	\N	ডঃ সাদিয়া সুলতানা লিমা	DR. Sadia Sultana Lima
25	Dr. MD. Monsur Alam	doctor_images/Md_monsur_alam_X8Hs7HU.jpeg	MBBS, BCS (Health), FCPS Gastroenterology(FP)	\N	11	3	Doctor Appointment Hotline\r\n\r\n📞 01805-464400\r\n📞 01805-464391\r\n📞 01805-464392	office contact Evening - Night ( without fri )	500	9	এমবিবিএস, বিসিএস (স্বাস্থ্য), এফসিপিএস গ্যাস্ট্রোএন্টারোলজি (এফপি)	MBBS, BCS (Health), FCPS Gastroenterology(FP)	\N	\N	ড. মো. মনসুর আলম	Dr. MD. Monsur Alam
19	Dr. Mausumi Iqbal	doctor_images/WhatsApp_Image_2026-05-03_at_3.47.25_PM.jpeg	BDS, FCPS , Consultant Maxillofacial Surgeon	\N	16	14	Doctor Appointment Hotline\r\n\r\n📞 01805-464400\r\n📞 01805-464391\r\n📞 01805-464392	sat , sun , mon, tue , wed , thu	1000	18	বিডিএস, এফসিপিএস, কনসালটেন্ট ম্যাক্সিলোফেসিয়াল সার্জন	BDS, FCPS , Consultant Maxillofacial Surgeon	\N	\N	ডঃ মৌসুমী ইকবাল	Dr. Mausumi Iqbal
15	DR.Kazi Nowal Akash	doctor_images/WhatsApp_Image_2026-04-30_at_10.36.49_AM.jpeg	MBBS ,FCPS (F.P.) Medicine	\N	11	5	Doctor Appointment Hotline\r\n\r\n📞 01805-464400\r\n📞 01805-464391\r\n📞 01805-464392	Morning & Evening	700	6	এমবিবিএস, এফসিপিএস (এফ.পি.) মেডিসিন	MBBS ,FCPS (F.P.) Medicine	\N	\N	ডঃ কাজী নোয়াল আকাশ	DR.Kazi Nowal Akash
10	DR. Avishek chakraborty	doctor_images/1000145574.jpg	MBBS	\N	10	3	Doctor Appointment Hotline\r\n\r\n📞 01805-464400\r\n📞 01805-464391\r\n📞 01805-464392	3 pm- 8pm (Sat, sun , mon,tue , wed ,thu)	300	8	এমবিবিএস	MBBS	\N	\N	ডাঃ অভিষেক চক্রবর্তী	DR. Avishek chakraborty
44	Thyrocare	doctor_images/থইরকযর.png	Pathology	Thyrocare Bangladesh limited is the first automated laboratory operating out of a single centralized setup. Our services can be availed through our network of 500+ B2B clients all over the country. Through our network which includes laboratories, hospitals, doctors and organizations, we are serving millions of people in Bangladesh. Thyrocare Bangladesh Limited focuses on providing quality services at affordable costs to doctors, clinics, laboratories and hospitals in Bangladesh.\r\n\r\nThyrocare Bangladesh Limited operates with unique centralized laboratory model which focuses on strong technologies, strong brands and strong systems that enable all laboratories to give their clients the best of science and technology at affordable costs. Our clear focus on speed and accuracy made us the first referral diagnostics laboratory in Bangladesh to have an IT enabled, 24x7, fully automated set up (covering over 20,000 sq. ft. floor space) that ensures error free processing of over 5,000 samples daily. Our unmatched speed factor is achieved through a combination of air and surface express cargo logistics and IT enabled, barcoded, bi-directional systems that ensure a turnaround time of 4 to 8 hours for processing of samples that arrives at any time of the day or night.\r\n\r\nA meticulously created and monitored system, well chosen and trained manpower, wise selection of the best global technologies for specialized testing and an uncompromised approach to instrumentation have ensured that Thyrocare is looked upon as a yardstick for quality by stakeholders in the diagnostic industry. The uniqueness of Thyrocare Bangladesh limited is its effort to innovate and remain at par with the global standards for best of the quality service delivery, at a highly cost effective price.	17	16			\N	\N	প্যাথলজি	Pathology	থাইরোকেয়ার বাংলাদেশ লিমিটেড হলো একটি একক কেন্দ্রীভূত ব্যবস্থা থেকে পরিচালিত প্রথম স্বয়ংক্রিয় ল্যাবরেটরি। সারাদেশে আমাদের ৫০০-এর বেশি বিটুবি (B2B) গ্রাহকের নেটওয়ার্কের মাধ্যমে আমাদের পরিষেবা গ্রহণ করা যায়। ল্যাবরেটরি, হাসপাতাল, ডাক্তার এবং বিভিন্ন প্রতিষ্ঠান নিয়ে গঠিত আমাদের এই নেটওয়ার্কের মাধ্যমে আমরা বাংলাদেশের লক্ষ লক্ষ মানুষকে সেবা দিয়ে আসছি। থাইরোকেয়ার বাংলাদেশ লিমিটেড বাংলাদেশের ডাক্তার, ক্লিনিক, ল্যাবরেটরি এবং হাসপাতালগুলোকে সাশ্রয়ী মূল্যে মানসম্মত সেবা প্রদানে মনোনিবেশ করে।\r\n\r\nথাইরোকেয়ার বাংলাদেশ লিমিটেড একটি অনন্য কেন্দ্রীভূত ল্যাবরেটরি মডেলের মাধ্যমে পরিচালিত হয়, যা শক্তিশালী প্রযুক্তি, শক্তিশালী ব্র্যান্ড এবং শক্তিশালী সিস্টেমের উপর গুরুত্ব দেয়। এই মডেলগুলো সকল ল্যাবরেটরিকে তাদের গ্রাহকদের সাশ্রয়ী মূল্যে সেরা বিজ্ঞান ও প্রযুক্তি প্রদান করতে সক্ষম করে। গতি এবং নির্ভুলতার উপর আমাদের সুস্পষ্ট মনোযোগই আমাদেরকে বাংলাদেশের প্রথম রেফারেল ডায়াগনস্টিকস ল্যাবরেটরি হিসেবে একটি আইটি-সক্ষম, ২৪x৭, সম্পূর্ণ স্বয়ংক্রিয় ব্যবস্থা (২০,০০০ বর্গফুটের বেশি জায়গা জুড়ে) প্রদান করতে সক্ষম করেছে, যা প্রতিদিন ৫,০০০-এর বেশি নমুনার ত্রুটিমুক্ত প্রক্রিয়াকরণ নিশ্চিত করে। আকাশ ও স্থলপথে এক্সপ্রেস কার্গো লজিস্টিকস এবং আইটি-সক্ষম, বারকোডযুক্ত, দ্বিমুখী সিস্টেমের সমন্বয়ের মাধ্যমে আমাদের অতুলনীয় গতি অর্জিত হয়, যা দিন বা রাতের যেকোনো সময়ে আসা নমুনা প্রক্রিয়াকরণের জন্য ৪ থেকে ৮ ঘণ্টার মধ্যে কাজ সম্পন্ন করা নিশ্চিত করে।\r\n\r\nএকটি সুচিন্তিতভাবে তৈরি ও পর্যবেক্ষণাধীন সিস্টেম, সুনির্বাচিত ও প্রশিক্ষিত জনবল, বিশেষায়িত পরীক্ষার জন্য সেরা বৈশ্বিক প্রযুক্তির বিচক্ষণ নির্বাচন এবং যন্ত্রপাতির ক্ষেত্রে আপসহীন দৃষ্টিভঙ্গি নিশ্চিত করেছে যে, ডায়াগনস্টিক শিল্পের অংশীদারদের কাছে থাইরোকেয়ার গুণমানের একটি মানদণ্ড হিসেবে বিবেচিত হয়। থাইরোকেয়ার বাংলাদেশ লিমিটেডের অনন্যতা হলো অত্যন্ত সাশ্রয়ী মূল্যে সর্বোত্তম মানের পরিষেবা প্রদানের ক্ষেত্রে উদ্ভাবন এবং বৈশ্বিক মানের সাথে তাল মিলিয়ে চলার প্রচেষ্টা।	Thyrocare Bangladesh limited is the first automated laboratory operating out of a single centralized setup. Our services can be availed through our network of 500+ B2B clients all over the country. Through our network which includes laboratories, hospitals, doctors and organizations, we are serving millions of people in Bangladesh. Thyrocare Bangladesh Limited focuses on providing quality services at affordable costs to doctors, clinics, laboratories and hospitals in Bangladesh.\r\n\r\nThyrocare Bangladesh Limited operates with unique centralized laboratory model which focuses on strong technologies, strong brands and strong systems that enable all laboratories to give their clients the best of science and technology at affordable costs. Our clear focus on speed and accuracy made us the first referral diagnostics laboratory in Bangladesh to have an IT enabled, 24x7, fully automated set up (covering over 20,000 sq. ft. floor space) that ensures error free processing of over 5,000 samples daily. Our unmatched speed factor is achieved through a combination of air and surface express cargo logistics and IT enabled, barcoded, bi-directional systems that ensure a turnaround time of 4 to 8 hours for processing of samples that arrives at any time of the day or night.\r\n\r\nA meticulously created and monitored system, well chosen and trained manpower, wise selection of the best global technologies for specialized testing and an uncompromised approach to instrumentation have ensured that Thyrocare is looked upon as a yardstick for quality by stakeholders in the diagnostic industry. The uniqueness of Thyrocare Bangladesh limited is its effort to innovate and remain at par with the global standards for best of the quality service delivery, at a highly cost effective price.	থাইরোকেয়ার	Thyrocare
37	Associate Prof . DR. MD. Abdullah Awal	doctor_images/Dr._Md_abdul_Awal.jpeg	MBBS, FCPS(Medicine)	\N	22	2	Doctor Appointment Hotline\r\n\r\n📞 01805-464400\r\n📞 01805-464391\r\n📞 01805-464392	10 PM -11 PM All day	1040	20	এমবিবিএস, এফসিপিএস (মেডিসিন)	MBBS, FCPS(Medicine)	\N	\N	সহযোগী অধ্যাপক ড. মো. আবদুল্লাহ আউয়াল	Associate Prof . DR. MD. Abdullah Awal
36	DR. Junaid Abdullah Samiul Alam	doctor_images/Dr.Junaid_Abdullah_samiul_alam.jpeg	MBBS, MD(Neurology)	\N	21	4	Doctor Appointment Hotline\r\n\r\n📞 01805-464400\r\n📞 01805-464391\r\n📞 01805-464392	10am- 11pm (without thu&fri)	600	13	এমবিবিএস, এমডি (নিউরোলজি)	MBBS, MD(Neurology)	\N	\N	ড. জুনায়েদ আবদুল্লাহ সামিউল আলম	DR. Junaid Abdullah Samiul Alam
34	Sanjida Rezwana	doctor_images/Shanjida_Rejowana.jpeg	MBBS, PGT(gynecology)	\N	19	13	Doctor Appointment Hotline\r\n\r\n📞 01805-464400\r\n📞 01805-464391\r\n📞 01805-464392	as per patients requerment	300	0	এমবিবিএস, পিজিটি (গাইনোকোলজি)	MBBS, PGT(gynecology)	\N	\N	সঞ্জিদা রেজওয়ানা	Sanjida Rezwana
23	Dr. Md. Alim  Al Razi	doctor_images/610ad1e7-40b0-4a8b-a459-23a588c3d552.jpeg	MBBS, MS,Senior Consaltant	\N	5	6	Doctor Appointment Hotline\r\n\r\n📞 01805-464400\r\n📞 01805-464391\r\n📞 01805-464392	2;30PM-10PM ( SUN,TUE)	700	22	এমবিবিএস, এমএস, সিনিয়র কনসালটেন্ট	MBBS, MS,Senior Consaltant	\N	\N	ডাঃ মোঃ আলিম আল রাজি	Dr. Md. Alim  Al Razi
17	Dr. Fahmida Haque (Mou)	doctor_images/WhatsApp_Image_2026-04-30_at_10_4qgMckG.36.49_AM_1.jpeg	MBBS, FCPS (obs & Gynae)	\N	15	13	Doctor Appointment Hotline\r\n\r\n📞 01805-464400\r\n📞 01805-464391\r\n📞 01805-464392	Evening ( 6.00 - 11.00 pm ) , without fri	700	5	এমবিবিএস, এফসিপিএস (অবস ও গাইনি)	MBBS, FCPS (obs & Gynae)	\N	\N	ডাঃ ফাহমিদা হক (মৌ)	Dr. Fahmida Haque (Mou)
13	Associate Prof. DR. MD. Rassell	doctor_images/Md_RASSELL.jpeg	MBBS, MS	\N	13	7	Doctor Appointment Hotline\r\n\r\n📞 01805-464400\r\n📞 01805-464391\r\n📞 01805-464392	08:30-10PM Without thur. fri	1200	20	এমবিবিএস, এমএস	MBBS, MS	\N	\N	সহযোগী অধ্যাপক ডঃ এমডি রাসেল	Associate Prof. DR. MD. Rassell
9	Prof. Dr.  Waheed Akhter	doctor_images/Prof._Dr._Waheed_akhter.jpeg	MBBS , M-PHIL , Head of Dept.	\N	8	8	Doctor Appointment Hotline\r\n\r\n📞 01805-464400\r\n📞 01805-464391\r\n📞 01805-464392	Everyday anytime	1000	7	এমবিবিএস, এম-ফিল, বিভাগীয় প্রধান।	MBBS , M-PHIL , Head of Dept.	\N	\N	অধ্যাপক ড. ওয়াহিদ আখতার	Prof. Dr.  Waheed Akhter
20	DR. Mezbah Ul Azeez	doctor_images/WhatsApp_Image_2026-05-03_at_3.55.25_PM.jpeg	BDS,MDS , Consultant Periodontologist	\N	16	15	Doctor Appointment Hotline\r\n\r\n📞 01805-464400\r\n📞 01805-464391\r\n📞 01805-464392	3 pm- 8pm (Sat, sun , mon,tue , wed ,thu)	0.00	17	বিডিএস, এমডিএস, পরামর্শক পেরিওডন্টোলজিস্ট	BDS,MDS , Consultant Periodontologist	\N	\N	ডাঃ মেজবাহ উল আজিজ	DR. Mezbah Ul Azeez
18	Associate Prof . Dr. Tajkera Sultana Chowdhury	doctor_images/Tajkera_Sultana_Chowdhury.jpeg	MBBS,FCPS SURGERY, MS UROLOGY	\N	11	6	Doctor Appointment Hotline\r\n\r\n📞 01805-464400\r\n📞 01805-464391\r\n📞 01805-464392	03:05PM( Tuesday, thursday)	1500	25	এমবিবিএস, এফসিপিএস সার্জারি, এমএস ইউরোলজি	MBBS,FCPS SURGERY, MS UROLOGY	\N	\N	সহযোগী অধ্যাপক ড. তাজকেরা সুলতানা চৌধুরী	Associate Prof . Dr. Tajkera Sultana Chowdhury
45	Dr. Lal PathLabs	doctor_images/ড_লল_পযথলযবস.png	Pathology	Dr. Lal PathLabs — Enabling Healthier Lives\r\n\r\nWith 75+ years of experience, we are one of India’s leading diagnostic providers, bringing medical expertise and excellence in diagnostics. We have established a vast network of 15,000+ touchpoints, including patient service centers and hospitals. Whether you need routine blood tests, comprehensive health checkups, or specialized pathology services, our app makes booking tests simple, fast, and reliable.\r\n\r\nDr. Lal PathLabs offers a comprehensive diagnostic experience with a test menu of 5,000+ options, covering everything from blood and urine tests to specialized screenings for diabetes, thyroid, liver conditions, heart diseases, and cancer markers. Every sample undergoes more than 50 quality checks to ensure the highest level of accuracy. Our team of highly skilled professionals maintains the highest standards of quality and precision in every test we conduct. This makes Dr. Lal PathLabs one of the largest diagnostic laboratory networks in India.	17	16			\N	\N	প্যাথলজি	Pathology	ডাঃ লাল প্যাথল্যাবস - স্বাস্থ্যকর জীবনকে সক্ষম করে\r\n\r\n\r\n\r\n75+ বছরের অভিজ্ঞতা সহ ভারতের শীর্ষস্থানীয় ডায়াগনস্টিক প্লেয়ার, আমরা ডায়াগনস্টিকসের ক্ষেত্রে চিকিৎসা দক্ষতা এবং দক্ষতা নিয়ে এসেছি। আমরা রোগী সেবা কেন্দ্র এবং হাসপাতাল সহ 15000+ টাচ পয়েন্টের একটি বিশাল নেটওয়ার্ক স্থাপন করেছি। আপনার নিয়মিত রক্ত ​​পরীক্ষা, ব্যাপক স্বাস্থ্য পরীক্ষা, বা বিশেষ প্যাথলজি পরিষেবার প্রয়োজন হোক না কেন, আমাদের অ্যাপ বুকিং পরীক্ষাকে সহজ, দ্রুত এবং নির্ভরযোগ্য করে তোলে।\r\n\r\n\r\n\r\nডাঃ লাল পাথল্যাবস 5000+ বিকল্পের একটি পরীক্ষার মেনু সহ একটি ব্যাপক ডায়াগনস্টিক অভিজ্ঞতা প্রদান করে, যা রক্ত ​​ও প্রস্রাব পরীক্ষা থেকে শুরু করে ডায়াবেটিস, থাইরয়েড, লিভার, হার্টের অবস্থা এবং ক্যান্সার চিহ্নিতকারীর জন্য বিশেষ স্ক্রীনিং পর্যন্ত সবকিছুকে কভার করে। সর্বোচ্চ স্তরের নির্ভুলতা নিশ্চিত করতে প্রতিটি নমুনা 50 টিরও বেশি গুণমান পরীক্ষা করে। অত্যন্ত দক্ষ পেশাদারদের আমাদের দল আমাদের পরিচালনা করা প্রতিটি পরীক্ষায় গুণমান এবং নির্ভুলতার সর্বোচ্চ মান নিশ্চিত করে। এটি ডাঃ লাল পাথল্যাবকে ভারতের বৃহত্তম ডায়াগনস্টিক ল্যাবরেটরি নেটওয়ার্ক করে তোলে।	Dr. Lal PathLabs — Enabling Healthier Lives\r\n\r\nWith 75+ years of experience, we are one of India’s leading diagnostic providers, bringing medical expertise and excellence in diagnostics. We have established a vast network of 15,000+ touchpoints, including patient service centers and hospitals. Whether you need routine blood tests, comprehensive health checkups, or specialized pathology services, our app makes booking tests simple, fast, and reliable.\r\n\r\nDr. Lal PathLabs offers a comprehensive diagnostic experience with a test menu of 5,000+ options, covering everything from blood and urine tests to specialized screenings for diabetes, thyroid, liver conditions, heart diseases, and cancer markers. Every sample undergoes more than 50 quality checks to ensure the highest level of accuracy. Our team of highly skilled professionals maintains the highest standards of quality and precision in every test we conduct. This makes Dr. Lal PathLabs one of the largest diagnostic laboratory networks in India.	ডঃ লাল প্যাথল্যাব	Dr. Lal PathLabs
39	Dr. Gazi Mazharul Islam Palash	doctor_images/Dr._Gazi_Mazharul_Islam_Palash.jpeg	MBBS, FCPS(Medicine)	\N	11	3	Doctor Appointment Hotline\r\n\r\n📞 01805-464400\r\n📞 01805-464391\r\n📞 01805-464392	10 AM - 10 PM	500	5	এমবিবিএস, এফসিপিএস (মেডিসিন)	MBBS, FCPS(Medicine)	\N	\N	ডা. গাজী মাজহারুল ইসলাম পলাশ	Dr. Gazi Mazharul Islam Palash
27	Dr. Junaid Zarif Mahbub	doctor_images/Junaid_zarif.jpeg	MBBS, MRCP, PACES(Medicine) FCPS(FP) Gastro	\N	11	5	Doctor Appointment Hotline\r\n\r\n📞 01805-464400\r\n📞 01805-464391\r\n📞 01805-464392	Everyday , anytime -( thu before -9pm )	400	5	এমবিবিএস, এমআরসিপি, পিএসিইএস (মেডিসিন), এফসিপিএস (এফপি), গ্যাস্ট্রো	MBBS, MRCP, PACES(Medicine) FCPS(FP) Gastro	\N	\N	ডাঃ জুনায়েদ জারিফ মাহবুব	Dr. Junaid Zarif Mahbub
22	Prof.DR.MD.Abul Hossain	doctor_images/Pro._Md_abul_hossain.jpeg	MBBS, MS(Urology)	\N	11	6	Doctor Appointment Hotline\r\n\r\n📞 01805-464400\r\n📞 01805-464391\r\n📞 01805-464392	9:30-10:30pm (MON,WED,FRI)	1500	17	এমবিবিএস, এমএস (ইউরোলজি)	MBBS, MS(Urology)	\N	\N	অধ্যাপক ড. মো. আবুল হোসেন	Prof.DR.MD.Abul Hossain
12	DR. MD. Abdullah Alamin Shohan	doctor_images/Alamin_sohan.jpeg	MBBS , FCPS ( Part -1 , Orthopaedic surgery ), MS ( Urology )	\N	12	6	Doctor Appointment Hotline\r\n\r\n📞 01805-464400\r\n📞 01805-464391\r\n📞 01805-464392	07:10PM Without Friday	300	9	এমবিবিএস, এফসিপিএস (পার্ট-১, অর্থোপেডিক সার্জারি), এমএস (ইউরোলজি)	MBBS , FCPS ( Part -1 , Orthopaedic surgery ), MS ( Urology )	\N	\N	ড. এমডি আবদুল্লাহ আলামিন সোহান	DR. MD. Abdullah Alamin Shohan
7	Assistant Prof . DR. MD. Rifat Zia Hossain	doctor_images/Assistant_prof._Dr._Md._Rifat_Zia.jpeg	MBBS,MD	\N	7	7	Doctor Appointment Hotline\r\n\r\n📞 01805-464400\r\n📞 01805-464391\r\n📞 01805-464392	08:30-10PM Without thur. fri	500	26	এমবিবিএস, এমডি	MBBS,MD	\N	\N	সহকারী অধ্যাপক ড. মো. রিফাত জিয়া হোসেন	Assistant Prof . DR. MD. Rifat Zia Hossain
46	BIRDEM General Hospital	doctor_images/birdem.jpeg	Pathology	Back in 1956, when people had a perception that diabetes is a disease of the affluents and hardly anyone anticipated that diabetes would be an epidemic even in developing countries. Professor Dr Mohammad Ibrahim (1911-1989) led a team of dedicated colleagues to establish the Diabetic Association of Pakistan which eventually became Diabetic Association of Bangladesh (in Bangla Bangladesh Diabetic Somiti, acronym BADAS) .\r\n\r\nThe dream of the Founder was to create such facilities and environment where no diabetic shall die untreated, unemployed or unfed even if poor. Over the last five decades the Association has created the largest infrastructure, and registered patient base in the world for the prevention and care of diabetes. In addition, next to the Government, it is now the largest comprehensive health care provider as well as the health manpower generating organization in Bangladesh.	17	16			\N	\N	প্যাথলজি	Pathology	সেই ১৯৫৬ সালে, যখন মানুষের ধারণা ছিল যে ডায়াবেটিস শুধু বিত্তবানদের রোগ এবং উন্নয়নশীল দেশগুলোতেও যে ডায়াবেটিস মহামারী আকার ধারণ করবে, তা প্রায় কেউই কল্পনা করেনি। অধ্যাপক ড. মোহাম্মদ ইব্রাহিম (১৯১১-১৯৮৯) একদল নিবেদিতপ্রাণ সহকর্মীকে সাথে নিয়ে ‘ডায়াবেটিক অ্যাসোসিয়েশন অফ পাকিস্তান’ প্রতিষ্ঠা করেন, যা পরবর্তীতে ‘ডায়াবেটিক অ্যাসোসিয়েশন অফ বাংলাদেশ’ (বাংলায় বাংলাদেশ ডায়াবেটিক সমিতি, সংক্ষিপ্ত নাম BADAS) নামে পরিচিত হয়।\r\n\r\nপ্রতিষ্ঠাতার স্বপ্ন ছিল এমন সুযোগ-সুবিধা ও পরিবেশ তৈরি করা, যেখানে কোনো ডায়াবেটিস রোগী, সে দরিদ্র হলেও, চিকিৎসা না পেয়ে, বেকার বা অভুক্ত অবস্থায় মারা যাবে না। গত পাঁচ দশকে এই সমিতি ডায়াবেটিস প্রতিরোধ ও পরিচর্যার জন্য বিশ্বে বৃহত্তম পরিকাঠামো এবং নিবন্ধিত রোগীর ভিত্তি তৈরি করেছে। এছাড়াও, সরকারের পরেই এটি এখন বাংলাদেশের বৃহত্তম সমন্বিত স্বাস্থ্যসেবা প্রদানকারী এবং স্বাস্থ্যকর্মী উৎপাদনকারী সংস্থা।	Back in 1956, when people had a perception that diabetes is a disease of the affluents and hardly anyone anticipated that diabetes would be an epidemic even in developing countries. Professor Dr Mohammad Ibrahim (1911-1989) led a team of dedicated colleagues to establish the Diabetic Association of Pakistan which eventually became Diabetic Association of Bangladesh (in Bangla Bangladesh Diabetic Somiti, acronym BADAS) .\r\n\r\nThe dream of the Founder was to create such facilities and environment where no diabetic shall die untreated, unemployed or unfed even if poor. Over the last five decades the Association has created the largest infrastructure, and registered patient base in the world for the prevention and care of diabetes. In addition, next to the Government, it is now the largest comprehensive health care provider as well as the health manpower generating organization in Bangladesh.	বারডেম জেনারেল হাসপাতাল	BIRDEM General Hospital
\.


--
-- Data for Name: popular_service_hospital; Type: TABLE DATA; Schema: public; Owner: postgres
--

COPY public.popular_service_hospital (id, name, address, contact_details, address_bn, address_en, contact_details_bn, contact_details_en, name_bn, name_en) FROM stdin;
23	AL Manar Hospital	\N	\N	\N	\N	\N	\N	আল মানার হাসপাতাল	AL Manar Hospital
22	BIHS General Hospital	\N	\N	\N	\N	\N	\N	বিআইএইচএস জেনারেল হাসপাতাল	BIHS General Hospital
21	National Institute of Neuroscience & Hospital	\N	\N	\N	\N	\N	\N	জাতীয় স্নায়ুবিজ্ঞান ইনস্টিটিউট ও হাসপাতাল	National Institute of Neuroscience & Hospital
20	Aysha Amjad Hoapital	\N	\N	\N	\N	\N	\N	আয়েশা আমজাদ হাসপাতাল	Aysha Amjad Hoapital
19	Islami Bank Hospital Khulna	\N	\N	\N	\N	\N	\N	ইসলামী ব্যাংক হাসপাতাল খুলনা	Islami Bank Hospital Khulna
18	National Institute of Cardiovascular Diseases	\N	\N	\N	\N	\N	\N	জাতীয় হৃদরোগ ইনস্টিটিউট	National Institute of Cardiovascular Diseases
17	AmarLab	\N	\N	\N	\N	\N	\N	আমারল্যাব	AmarLab
16	Apollo Clinic	\N	\N	\N	\N	\N	\N	অ্যাপোলো ক্লিনিক	Apollo Clinic
15	Mohammadpur Fertility Services and Training Centre (MFSTC)	\N	\N	\N	\N	\N	\N	মোহাম্মদপুর ফার্টিলিটি সার্ভিসেস অ্যান্ড ট্রেনিং সেন্টার (এমএফএসটিসি)	Mohammadpur Fertility Services and Training Centre (MFSTC)
14	Islami Bank Central Hospital	\N	\N	\N	\N	\N	\N	ইসলামী ব্যাংক সেন্ট্রাল হাসপাতাল	Islami Bank Central Hospital
11	Shaheed Suhrawardy Medical College & Hospital	\N	\N	\N	\N	\N	\N	শহীদ সোহরাওয়ার্দী মেডিকেল কলেজ ও হাসপাতাল	Shaheed Suhrawardy Medical College & Hospital
10	Pulse Health Care	\N	\N	\N	\N	\N	\N	পালস হেলথ কেয়ার	Pulse Health Care
8	Sir Salimullah Medical College Mitford Hospital	\N	\N	\N	\N	\N	\N	স্যার সলিমুল্লাহ মেডিকেল কলেজ মিটফোর্ড হাসপাতাল	Sir Salimullah Medical College Mitford Hospital
7	Bangladesh Medical  University (PG Hospital)	\N	\N	\N	\N	\N	\N	বাংলাদেশ মেডিকেল বিশ্ববিদ্যালয় (পিজি হাসপাতাল)	Bangladesh Medical  University (PG Hospital)
6	National Institute of Cancer Research and Hospital	\N	\N	\N	\N	\N	\N	জাতীয় ক্যান্সার গবেষণা ও হাসপাতাল ইনস্টিটিউট	National Institute of Cancer Research and Hospital
5	National Institute Kidney Disease and Urology	\N	\N	\N	\N	\N	\N	জাতীয় কিডনি রোগ এবং ইউরোলজি ইনস্টিটিউট	National Institute Kidney Disease and Urology
4	Gansasthaya Nagar hospital	\N	\N	\N	\N	\N	\N	গণস্বাস্থ্য নগর হাসপাতাল	Gansasthaya Nagar hospital
3	Labaid Cancer Hospital	\N	\N	\N	\N	\N	\N	ল্যাবেইড ক্যান্সার হাসপাতাল	Labaid Cancer Hospital
24	Ibn Sina Diagnostic	\N	\N	\N	\N	\N	\N	ইবনে সিনা ডায়াগনস্টিক	Ibn Sina Diagnostic
12	Dhaka Medical College Hospital			\N		\N		\N	Dhaka Medical College Hospital
13	Bangabandhu Sheikh Mujib Medical University			\N		\N		\N	Bangabandhu Sheikh Mujib Medical University
\.


--
-- Data for Name: popular_service_servicecategory; Type: TABLE DATA; Schema: public; Owner: postgres
--

COPY public.popular_service_servicecategory (id, name, icon, banner, name_bn, name_en) FROM stdin;
17	Stem therapy	service_icons/steam.png	service_banners/photo-1488521787991-ed7bbaae773c.avif	স্টেম থেরাপি	Stem therapy
2	Hospital Booking	service_icons/hospital.png	service_banners/photo-1519494026892-80bbd2d6fd0d.avif	হাসপাতাল বুকিং	Hospital Booking
3	Telemedicine	service_icons/doctor-patient.png	service_banners/photo-1666214280577-5f90bc36be92.avif	টেলিমেডিসিন	Telemedicine
4	Pharmacy	service_icons/pharmacy.png	service_banners/premium_photo-1661769786626-8025c37907ae.avif	ফার্মেসি	Pharmacy
5	Ambulance Service	service_icons/ambulane_service.png	service_banners/photo-1683791895200-201c0c40310f.avif	অ্যাম্বুলেন্স পরিষেবা	Ambulance Service
6	Blood Bank	service_icons/blood_bank.png	service_banners/photo-1579037005241-a79202c7e9fd.avif	ব্লাড ব্যাংক	Blood Bank
7	Emergency Home care	service_icons/emerygency_home_care.png	service_banners/premium_photo-1664304038276-5c8e09c80092_TGxNYoU.avif	জরুরি হোম কেয়ার	Emergency Home care
8	Quick Diagnosis	service_icons/Quick_diagnosis.png	service_banners/premium_photo-1682089159103-d09b46d1cce8.avif	দ্রুত রোগ নির্ণয়	Quick Diagnosis
1	Doctor Appointments	service_icons/consultation.png	service_banners/istockphoto-1999859439-612x612.webp	ডাক্তারের অ্যাপয়েন্টমেন্ট	Doctor Appointments
9	Dentist	service_icons/dentist.png	service_banners/photo-1718128120413-783e25de9a3b.avif	ডেন্টিস্ট	Dentist
10	Eye Specialist	service_icons/eye_specialist.png	service_banners/premium_photo-1664304339622-ccb9031b7373.avif	চক্ষু বিশেষজ্ঞ	Eye Specialist
11	Mental Health	service_icons/mental_health.png	service_banners/premium_photo-1673953509975-576678fa6710.avif	মানসিক স্বাস্থ্য	Mental Health
12	Geriatric Care	service_icons/gerialric.png	service_banners/premium_photo-1677333508737-6b6d642bc6d6.avif	জেরিয়াট্রিক কেয়ার	Geriatric Care
13	Palliative Care	service_icons/palliative.png	service_banners/photo-1629909613654-28e377c37b09.avif	উপশমকারী যত্ন	Palliative Care
14	Physiotherapy	service_icons/man.png		ফিজিওথেরাপি	Physiotherapy
16	Regenerative therapy	service_icons/regenerative-medicine.png	service_banners/premium_photo-1664378616928-dc6842677183.avif	পুনর্জন্মমূলক থেরাপি	Regenerative therapy
\.


--
-- Data for Name: popular_service_subcategory; Type: TABLE DATA; Schema: public; Owner: postgres
--

COPY public.popular_service_subcategory (id, name, category_id, icon, name_bn, name_en) FROM stdin;
13	Gynaecology and Obstetrics	1		স্ত্রীরোগ ও প্রসূতিবিদ্যা	Gynaecology and Obstetrics
12	Endocrinology	1	subcategory_icons/11.Endocrinology.png	এন্ডোক্রিনোলজি	Endocrinology
11	Cardiology	1	subcategory_icons/10.Cardiology_.png	কার্ডিওলজি	Cardiology
10	Family Medicine	1	subcategory_icons/9.family_medicine.png	পারিবারিক চিকিৎসা	Family Medicine
9	Rheumatology	1	subcategory_icons/8.rheumatology_.png	রিউম্যাটোলজি	Rheumatology
8	Radio Therapy	1	subcategory_icons/radiotherapy.avif	রেডিওথেরাপি	Radio Therapy
7	Oncology	1	subcategory_icons/7.oncology.png	অনকোলজি	Oncology
6	Urology	1	subcategory_icons/6.urology_.png	ইউরোলজি	Urology
5	Gastroenterology	1	subcategory_icons/5.Gastroenterology.png	গ্যাস্ট্রোএন্টারোলজি	Gastroenterology
4	Neuromedicine	1	subcategory_icons/4.Neuromedicine.png	নিউরোমেডিসিন	Neuromedicine
3	General Physician	1	subcategory_icons/3.General_Physician.png	সাধারণ চিকিৎসক	General Physician
2	Internal Medicine	1	subcategory_icons/2.Internal_Medicine.png	অভ্যন্তরীণ ঔষধ	Internal Medicine
24	Bangladesh Red Crescent Society	6	subcategory_icons/red-logo.png	বাংলাদেশ রেড ক্রিসেন্ট সোসাইটি	Bangladesh Red Crescent Society
25	Sandhani	6	subcategory_icons/sondani-logo.png	সন্ধানী	Sandhani
23	Counseling Psychologist	11	subcategory_icons/advise_FiceIIN.png	কাউন্সেলিং মনোবিজ্ঞানী	Counseling Psychologist
22	Al-Manar Hospital LTD	2	subcategory_icons/al-manarah.jpg	আল-মানার হাসপাতাল লিমিটেড	Al-Manar Hospital LTD
21	Apollo Clinic	2	subcategory_icons/aplloclinic.png	অ্যাপোলো ক্লিনিক	Apollo Clinic
20	City Hospital	2	subcategory_icons/download.png	সিটি হাসপাতাল	City Hospital
19	Psychiatrist	11	subcategory_icons/psychiatrist.png	মনোরোগ বিশেষজ্ঞ	Psychiatrist
18	Akidah Health Care	11	subcategory_icons/akidah.jpeg	আকিদাহ স্বাস্থ্যসেবা	Akidah Health Care
17	M Ambulance	5	subcategory_icons/1775910119..jpg	এম অ্যাম্বুলেন্স	M Ambulance
16	AmarLab	8	subcategory_icons/amarlab.png	আমারল্যাব	AmarLab
15	Periodontology	9	subcategory_icons/dent-subm.png	পিরিয়ডন্টোলজি	Periodontology
14	Consultant Maxiliofacial Surgen	9	subcategory_icons/dental-sub.png	পরামর্শদাতা ম্যাক্সিলোফেসিয়াল সার্জন	Consultant Maxiliofacial Surgen
28	Specialist  Doctor	3	subcategory_icons/telimedicin-special.png	বিশেষজ্ঞ ডাক্তার	Specialist  Doctor
29	General Physician.	3	subcategory_icons/gp-1.png	জেনারেল ফিজিশিয়ান	General Physician.
\.


--
-- Data for Name: slider_sliderone; Type: TABLE DATA; Schema: public; Owner: postgres
--

COPY public.slider_sliderone (id, image, created_at) FROM stdin;
8	sliders/WhatsApp_Image_2026-05-12_at_3.43.47_PM.jpeg	2026-05-12 05:09:40.734975+00
9	sliders/FB_IMG_1778578852265.jpg.jpeg	2026-05-12 09:57:17.433104+00
7	sliders/IMG-20260512-WA0005.jpg.jpeg	2026-05-03 11:04:43.790899+00
\.


--
-- Data for Name: slider_slidertwo; Type: TABLE DATA; Schema: public; Owner: postgres
--

COPY public.slider_slidertwo (id, image, created_at) FROM stdin;
3	sliders/c91127db-768a-48d9-acc1-a7a0b3e2ca11.jpeg	2026-04-22 04:24:11.37751+00
7	sliders/e7b7dea9-cc0e-405e-977b-47b3bac02541.jpeg	2026-05-19 10:03:47.119641+00
8	sliders/9dad11b1-b7db-4363-b41f-2a7e12196646.jpeg	2026-05-19 10:04:11.236356+00
9	sliders/acb9960f-a828-4082-bd73-fdae3772a579.jpeg	2026-05-19 10:04:37.240519+00
\.


--
-- Data for Name: special_doctor_specialdoctor; Type: TABLE DATA; Schema: public; Owner: postgres
--

COPY public.special_doctor_specialdoctor (id, name, image, designation, years_of_experience, doctor_fees, doctor_details, doctor_sedule, contact_details, hospital_id, contact_details_bn, contact_details_en, designation_bn, designation_en, doctor_details_bn, doctor_details_en, doctor_fees_bn, doctor_fees_en, doctor_sedule_bn, doctor_sedule_en, name_bn, name_en) FROM stdin;
\.


--
-- Data for Name: token_blacklist_blacklistedtoken; Type: TABLE DATA; Schema: public; Owner: postgres
--

COPY public.token_blacklist_blacklistedtoken (id, blacklisted_at, token_id) FROM stdin;
\.


--
-- Data for Name: token_blacklist_outstandingtoken; Type: TABLE DATA; Schema: public; Owner: postgres
--

COPY public.token_blacklist_outstandingtoken (id, token, created_at, expires_at, user_id, jti) FROM stdin;
1	eyJhbGciOiJIUzI1NiIsInR5cCI6IkpXVCJ9.eyJ0b2tlbl90eXBlIjoicmVmcmVzaCIsImV4cCI6MTc4MTA3NDcwNiwiaWF0IjoxNzc2NzU0NzA2LCJqdGkiOiI2NDBmMGE0MWRlN2Q0Mzg5OTk4OWU3MjM0ZDEwMTJmOCIsInVzZXJfaWQiOiIxIn0.GIb-CapT3fM2Qch6ZKXh7FvpEEM1Hx8HlQvOYfk-1qA	2026-04-21 06:58:26.672921+00	2026-06-10 06:58:26+00	1	640f0a41de7d43899989e7234d1012f8
2	eyJhbGciOiJIUzI1NiIsInR5cCI6IkpXVCJ9.eyJ0b2tlbl90eXBlIjoicmVmcmVzaCIsImV4cCI6MTc4MTA3NTYzNSwiaWF0IjoxNzc2NzU1NjM1LCJqdGkiOiJiNzJhZWU3NmE3NmE0NGYxYTk3MzE5ZWYzOGJlZTc4ZiIsInVzZXJfaWQiOiIzIn0.sCir-WpzwWD7mku5JOP852qeDARhI9EYze_Fc29DnZU	2026-04-21 07:13:55.950925+00	2026-06-10 07:13:55+00	\N	b72aee76a76a44f1a97319ef38bee78f
3	eyJhbGciOiJIUzI1NiIsInR5cCI6IkpXVCJ9.eyJ0b2tlbl90eXBlIjoicmVmcmVzaCIsImV4cCI6MTc4MTA4OTI2MCwiaWF0IjoxNzc2NzY5MjYwLCJqdGkiOiJiMTJlODFjODUxMGM0MWE5YmI1NmE1MzQ4NWM1NzA2MyIsInVzZXJfaWQiOiI0In0.IxOfKpxgAyJrL60NYZBpet1F_0TiAfJv8lvyfT3Ct-g	2026-04-21 11:01:00.482102+00	2026-06-10 11:01:00+00	\N	b12e81c8510c41a9bb56a53485c57063
4	eyJhbGciOiJIUzI1NiIsInR5cCI6IkpXVCJ9.eyJ0b2tlbl90eXBlIjoicmVmcmVzaCIsImV4cCI6MTc4MTA4OTM5OCwiaWF0IjoxNzc2NzY5Mzk4LCJqdGkiOiJhYTUzYTJkYWJmMjE0NDgzODY3YmEwYzc5Mzc4ZDRjYiIsInVzZXJfaWQiOiI0In0.N_2Vs3Wpy0owYW8hQz1TEDsBIadRj2LBDslw9aSxQP4	2026-04-21 11:03:18.968192+00	2026-06-10 11:03:18+00	\N	aa53a2dabf214483867ba0c79378d4cb
5	eyJhbGciOiJIUzI1NiIsInR5cCI6IkpXVCJ9.eyJ0b2tlbl90eXBlIjoicmVmcmVzaCIsImV4cCI6MTc4MTA5MDE2NCwiaWF0IjoxNzc2NzcwMTY0LCJqdGkiOiI1YjhkNzE4ZTc0NDk0ZTc2Yjg1Zjc4Y2ZiZTdlOTMxMSIsInVzZXJfaWQiOiI0In0.VidpJoaLtHfOtxo1X9fNlxXcZvxYacn98csrx0hbuo0	2026-04-21 11:16:04.262607+00	2026-06-10 11:16:04+00	\N	5b8d718e74494e76b85f78cfbe7e9311
6	eyJhbGciOiJIUzI1NiIsInR5cCI6IkpXVCJ9.eyJ0b2tlbl90eXBlIjoicmVmcmVzaCIsImV4cCI6MTc4MTA5MDYwMSwiaWF0IjoxNzc2NzcwNjAxLCJqdGkiOiI1ODQwNGFiODk4M2E0ZTIwOTM2NWNlMTM4NzRlZjUyMyIsInVzZXJfaWQiOiI0In0.2jv3vzqhlhUWZoumkC_ELfkTdTFgTvJDJJkooVxYVwo	2026-04-21 11:23:21.502199+00	2026-06-10 11:23:21+00	\N	58404ab8983a4e209365ce13874ef523
7	eyJhbGciOiJIUzI1NiIsInR5cCI6IkpXVCJ9.eyJ0b2tlbl90eXBlIjoicmVmcmVzaCIsImV4cCI6MTc4MTE1MTE2NiwiaWF0IjoxNzc2ODMxMTY2LCJqdGkiOiJlZGM0ODA1ZmY1ODA0ZGEwYWEwMTU4OTA2YzFhMjRhMyIsInVzZXJfaWQiOiI0In0.bp2bw1rqUsZ4zxDOVUTIEflBwgKNwF2zYm31IBxMZ2U	2026-04-22 04:12:46.921638+00	2026-06-11 04:12:46+00	\N	edc4805ff5804da0aa0158906c1a24a3
8	eyJhbGciOiJIUzI1NiIsInR5cCI6IkpXVCJ9.eyJ0b2tlbl90eXBlIjoicmVmcmVzaCIsImV4cCI6MTc4MTE2Njk2NSwiaWF0IjoxNzc2ODQ2OTY1LCJqdGkiOiIwMzI1ZjNiMDIwMjE0YWM0OTQyYmU2ZTgyMGU0ZTQzMCIsInVzZXJfaWQiOiI0In0.iaRSgA5MldM20dL9uUpsimusr88BNYaKptR_BVDMuWg	2026-04-22 08:36:05.407654+00	2026-06-11 08:36:05+00	\N	0325f3b020214ac4942be6e820e4e430
9	eyJhbGciOiJIUzI1NiIsInR5cCI6IkpXVCJ9.eyJ0b2tlbl90eXBlIjoicmVmcmVzaCIsImV4cCI6MTc4MTE3NzcwOCwiaWF0IjoxNzc2ODU3NzA4LCJqdGkiOiJlODZiNDkwZTM0Yzc0ODFjOTkzOGU5ZjE1N2Q1Mjk2OCIsInVzZXJfaWQiOiI0In0._e48KtawbONr02LbaTP7BW9TLcouyZInclzGN-INbMo	2026-04-22 11:35:08.623474+00	2026-06-11 11:35:08+00	\N	e86b490e34c7481c9938e9f157d52968
10	eyJhbGciOiJIUzI1NiIsInR5cCI6IkpXVCJ9.eyJ0b2tlbl90eXBlIjoicmVmcmVzaCIsImV4cCI6MTc4MjE5NjQ0NiwiaWF0IjoxNzc3ODc2NDQ2LCJqdGkiOiI1MWQ4NjgwYjg3M2U0NzNmOTZiYjA3NmMxYTZhZWRhNiIsInVzZXJfaWQiOiI1In0.20xfs_Vh8ww7V-23APN4PPkdE6ONd2EfCIRUUNfDGZA	2026-05-04 06:34:06.924358+00	2026-06-23 06:34:06+00	\N	51d8680b873e473f96bb076c1a6aeda6
11	eyJhbGciOiJIUzI1NiIsInR5cCI6IkpXVCJ9.eyJ0b2tlbl90eXBlIjoicmVmcmVzaCIsImV4cCI6MTc4MjE5NjQ2MSwiaWF0IjoxNzc3ODc2NDYxLCJqdGkiOiI2NmYxNGJlNDBkZGQ0Y2E2OTY5YmRlY2U4NWQyMjZiYyIsInVzZXJfaWQiOiI1In0.woM27uKQcSsFtpVfZKFSAwWe1MhZ1RQ6weB-JP7r1mo	2026-05-04 06:34:21.694222+00	2026-06-23 06:34:21+00	\N	66f14be40ddd4ca6969bdece85d226bc
12	eyJhbGciOiJIUzI1NiIsInR5cCI6IkpXVCJ9.eyJ0b2tlbl90eXBlIjoicmVmcmVzaCIsImV4cCI6MTc4MjE5OTkyNCwiaWF0IjoxNzc3ODc5OTI0LCJqdGkiOiJmMWNkZGRkY2MyYmQ0M2FjYTFiMjkxOWI5MmQ4YTEyOSIsInVzZXJfaWQiOiI2In0.ia-1Q1rSGW8dTo4GussrbVETTU5FxCJb-JDs90pHr3s	2026-05-04 07:32:04.539029+00	2026-06-23 07:32:04+00	\N	f1cddddcc2bd43aca1b2919b92d8a129
13	eyJhbGciOiJIUzI1NiIsInR5cCI6IkpXVCJ9.eyJ0b2tlbl90eXBlIjoicmVmcmVzaCIsImV4cCI6MTc4MjE5OTkzNywiaWF0IjoxNzc3ODc5OTM3LCJqdGkiOiI3ODQ4YWU1MzZjNzQ0OGM3ODQyZmMyMzAyNDc1ZWMxZCIsInVzZXJfaWQiOiI2In0.bBQS5UmwfnF8rduMD93gRdjkkOT6LB-VoGBu9ZwCwJY	2026-05-04 07:32:17.531323+00	2026-06-23 07:32:17+00	\N	7848ae536c7448c7842fc2302475ec1d
14	eyJhbGciOiJIUzI1NiIsInR5cCI6IkpXVCJ9.eyJ0b2tlbl90eXBlIjoicmVmcmVzaCIsImV4cCI6MTc4MjIwMDE3OCwiaWF0IjoxNzc3ODgwMTc4LCJqdGkiOiJjMDk4ZjBkNTYyOTQ0OGI0Yjg0YWM1NTQ1MzVmNTE5ZiIsInVzZXJfaWQiOiI2In0.wqZGPpMqZc9M6701wRhW8O3TqV7sMVCIfRyAn4eBBx8	2026-05-04 07:36:18.246421+00	2026-06-23 07:36:18+00	\N	c098f0d5629448b4b84ac554535f519f
15	eyJhbGciOiJIUzI1NiIsInR5cCI6IkpXVCJ9.eyJ0b2tlbl90eXBlIjoicmVmcmVzaCIsImV4cCI6MTc4MjcxNTg2MCwiaWF0IjoxNzc4Mzk1ODYwLCJqdGkiOiI3ZGY0ZTM1ODRkYjg0MWRkODA4Y2NjMjk3NWJkNTU2OCIsInVzZXJfaWQiOiI3In0.BIcusIK7cGRmIaF9VcAvRYUwPkbrtlEBm27C97YTCuQ	2026-05-10 06:51:00.469981+00	2026-06-29 06:51:00+00	\N	7df4e3584db841dd808ccc2975bd5568
16	eyJhbGciOiJIUzI1NiIsInR5cCI6IkpXVCJ9.eyJ0b2tlbl90eXBlIjoicmVmcmVzaCIsImV4cCI6MTc4MjgxMDg4NywiaWF0IjoxNzc4NDkwODg3LCJqdGkiOiJmODBiODZhNWQxYTA0ODZjYjhmZDNhNTU3YjViMGUxNCIsInVzZXJfaWQiOiI5In0.mZyOdlVY3uP47qIForUZUEY6TjIFxzWGLuT7m3dscVE	2026-05-11 09:14:47.367644+00	2026-06-30 09:14:47+00	\N	f80b86a5d1a0486cb8fd3a557b5b0e14
17	eyJhbGciOiJIUzI1NiIsInR5cCI6IkpXVCJ9.eyJ0b2tlbl90eXBlIjoicmVmcmVzaCIsImV4cCI6MTc4MjgxMjU2NSwiaWF0IjoxNzc4NDkyNTY1LCJqdGkiOiJlMDA1MjY0ZDFiMTQ0NGVjODhjYWVjOTk5NjBhOTllMyIsInVzZXJfaWQiOiIxMCJ9.r4qcBIGQDsG_PvKNiKRXARQdJDLcPDZO09t0utvVQy4	2026-05-11 09:42:45.358494+00	2026-06-30 09:42:45+00	10	e005264d1b1444ec88caec99960a99e3
18	eyJhbGciOiJIUzI1NiIsInR5cCI6IkpXVCJ9.eyJ0b2tlbl90eXBlIjoicmVmcmVzaCIsImV4cCI6MTc4MjgxMjU3NywiaWF0IjoxNzc4NDkyNTc3LCJqdGkiOiJkNGFmNzQyNDZlODU0NTZkYThiMGEzZjhkMDI2ZDA1OSIsInVzZXJfaWQiOiIxMCJ9.vXCmjyPsu6dd_c3QzDBdB7VY1yuDzdOTGZxsXCKAQXo	2026-05-11 09:42:57.628107+00	2026-06-30 09:42:57+00	10	d4af74246e85456da8b0a3f8d026d059
19	eyJhbGciOiJIUzI1NiIsInR5cCI6IkpXVCJ9.eyJ0b2tlbl90eXBlIjoicmVmcmVzaCIsImV4cCI6MTc4MjgxMzM4MiwiaWF0IjoxNzc4NDkzMzgyLCJqdGkiOiJkNzFkMmJiMGFjOGQ0NmMzYTI2OTRhMDQ0ZWJmZDI5YyIsInVzZXJfaWQiOiIxMCJ9.fBauM6EqZSbDduTme6ktvy88yJoYxNUJgFmYgiRBKeo	2026-05-11 09:56:22.020023+00	2026-06-30 09:56:22+00	10	d71d2bb0ac8d46c3a2694a044ebfd29c
20	eyJhbGciOiJIUzI1NiIsInR5cCI6IkpXVCJ9.eyJ0b2tlbl90eXBlIjoicmVmcmVzaCIsImV4cCI6MTc4MjgxODYyNywiaWF0IjoxNzc4NDk4NjI3LCJqdGkiOiIxY2FjN2Y1ZTRhNjg0ZjUwYTYxNTcyNTY0MGEyNDkwMiIsInVzZXJfaWQiOiIxMCJ9.s35Luv1Ger8M60XPy3_Jfdd4ZyJ7M3Ew0JlyYNKhR7Y	2026-05-11 11:23:47.393831+00	2026-06-30 11:23:47+00	10	1cac7f5e4a684f50a615725640a24902
21	eyJhbGciOiJIUzI1NiIsInR5cCI6IkpXVCJ9.eyJ0b2tlbl90eXBlIjoicmVmcmVzaCIsImV4cCI6MTc4Mjg5OTE5MywiaWF0IjoxNzc4NTc5MTkzLCJqdGkiOiJkODQwNzdjN2VhZWY0ODRlOWU5MDc5ZjRhMWI2YjA2ZiIsInVzZXJfaWQiOiIxMCJ9.hOuZmb_flnczEinQ_CDrusA8BZWLCOzKr_8mqtaRdOM	2026-05-12 09:46:33.619388+00	2026-07-01 09:46:33+00	10	d84077c7eaef484e9e9079f4a1b6b06f
22	eyJhbGciOiJIUzI1NiIsInR5cCI6IkpXVCJ9.eyJ0b2tlbl90eXBlIjoicmVmcmVzaCIsImV4cCI6MTc4Mjg5OTQ3OSwiaWF0IjoxNzc4NTc5NDc5LCJqdGkiOiIxODQ2OTc2OTkzOWY0NzI5YmQ4YTk2ZmYwMzczYjlkZSIsInVzZXJfaWQiOiIxMCJ9.dkgZhHcHgeZlQgXGB1WAVE3guugXd3I_1uByIUdmz9g	2026-05-12 09:51:19.499821+00	2026-07-01 09:51:19+00	10	18469769939f4729bd8a96ff0373b9de
23	eyJhbGciOiJIUzI1NiIsInR5cCI6IkpXVCJ9.eyJ0b2tlbl90eXBlIjoicmVmcmVzaCIsImV4cCI6MTc4MjkwNTU1OCwiaWF0IjoxNzc4NTg1NTU4LCJqdGkiOiJjZGM1M2RiZTNjY2M0ODhiODY5NzA0ODliMmViZjY3MyIsInVzZXJfaWQiOiIxMSJ9.yNBPh0imnE2TRQDmMJxGTrxY2RX7ogbKaUkcVCvtECo	2026-05-12 11:32:38.483441+00	2026-07-01 11:32:38+00	11	cdc53dbe3ccc488b86970489b2ebf673
24	eyJhbGciOiJIUzI1NiIsInR5cCI6IkpXVCJ9.eyJ0b2tlbl90eXBlIjoicmVmcmVzaCIsImV4cCI6MTc4Mjk2ODI2MywiaWF0IjoxNzc4NjQ4MjYzLCJqdGkiOiI3N2U2M2U5MTQ5Njc0ODBjOGUxNGMwODZkZDdkZGZkNyIsInVzZXJfaWQiOiIxMCJ9.Lb9R3Tku876vQJL0LUtGatkcTMEr_U93P27WRJq7GHA	2026-05-13 04:57:43.382404+00	2026-07-02 04:57:43+00	10	77e63e914967480c8e14c086dd7ddfd7
25	eyJhbGciOiJIUzI1NiIsInR5cCI6IkpXVCJ9.eyJ0b2tlbl90eXBlIjoicmVmcmVzaCIsImV4cCI6MTc4MzA3Mzc3MSwiaWF0IjoxNzc4NzUzNzcxLCJqdGkiOiI1ZWJiNDY5NTk5YWM0ZTc3YjU2MmFlODUxN2JlZTlmYSIsInVzZXJfaWQiOiI4In0.gCSyEiekpg3IvO0o-KQWkIUTXiAVCL8hK82G4_XXo1c	2026-05-14 10:16:11.090563+00	2026-07-03 10:16:11+00	8	5ebb469599ac4e77b562ae8517bee9fa
26	eyJhbGciOiJIUzI1NiIsInR5cCI6IkpXVCJ9.eyJ0b2tlbl90eXBlIjoicmVmcmVzaCIsImV4cCI6MTc4MzA3MzkwMywiaWF0IjoxNzc4NzUzOTAzLCJqdGkiOiI2OTQ4ZThiYjdiNDQ0MDQwYWRlMGI2MGIzZWY3OGFjNCIsInVzZXJfaWQiOiI4In0.-GfLuFsCYoI8X6mwXRj_Y-n5GuPiNBfk32A75uvVPK4	2026-05-14 10:18:23.530323+00	2026-07-03 10:18:23+00	8	6948e8bb7b444040ade0b60b3ef78ac4
27	eyJhbGciOiJIUzI1NiIsInR5cCI6IkpXVCJ9.eyJ0b2tlbl90eXBlIjoicmVmcmVzaCIsImV4cCI6MTc4MzA3NDEzMiwiaWF0IjoxNzc4NzU0MTMyLCJqdGkiOiI1MzhkYTBlOGE2Yjg0YmY4OGM5YjY2MDk5YTg1ODJlYSIsInVzZXJfaWQiOiIxMiJ9.H2UNJOjBWq9aAb6lWPxzffkkUy7p4FqdFCuMav4acx4	2026-05-14 10:22:12.149949+00	2026-07-03 10:22:12+00	12	538da0e8a6b84bf88c9b66099a8582ea
28	eyJhbGciOiJIUzI1NiIsInR5cCI6IkpXVCJ9.eyJ0b2tlbl90eXBlIjoicmVmcmVzaCIsImV4cCI6MTc4MzA3NDE0OCwiaWF0IjoxNzc4NzU0MTQ4LCJqdGkiOiIxM2ZhY2Y5OGUzOTY0ODA2YWJiODg1MDMxMmRlOWM1MSIsInVzZXJfaWQiOiIxMiJ9.NOiUxWDOyxPWeAoVCklEpJ-iMhhqCodTT0q75FEHzog	2026-05-14 10:22:28.043256+00	2026-07-03 10:22:28+00	12	13facf98e3964806abb8850312de9c51
29	eyJhbGciOiJIUzI1NiIsInR5cCI6IkpXVCJ9.eyJ0b2tlbl90eXBlIjoicmVmcmVzaCIsImV4cCI6MTc4MzA3NDM2NSwiaWF0IjoxNzc4NzU0MzY1LCJqdGkiOiI0ZTU4NmZkOTU5ODA0YTdlOTk2ODY4ZjczOGE1NmU1OCIsInVzZXJfaWQiOiIxMiJ9.AZZRhHhi63szTMJaiXEJV0s524CQFMWD6bpS0sfqzI4	2026-05-14 10:26:05.635679+00	2026-07-03 10:26:05+00	12	4e586fd959804a7e996868f738a56e58
30	eyJhbGciOiJIUzI1NiIsInR5cCI6IkpXVCJ9.eyJ0b2tlbl90eXBlIjoicmVmcmVzaCIsImV4cCI6MTc4MzA3NjM5OSwiaWF0IjoxNzc4NzU2Mzk5LCJqdGkiOiJlN2VlMTNmNjRkNjY0MTJjOGMyZjI0M2JkMmI3MTliNCIsInVzZXJfaWQiOiIxMiJ9.HlQ4dUL2D2XgM_qjdz8VrUd2ORkosXAd_B8BYdBklGM	2026-05-14 10:59:59.796902+00	2026-07-03 10:59:59+00	12	e7ee13f64d66412c8c2f243bd2b719b4
31	eyJhbGciOiJIUzI1NiIsInR5cCI6IkpXVCJ9.eyJ0b2tlbl90eXBlIjoicmVmcmVzaCIsImV4cCI6MTc4MzIyNDUzMywiaWF0IjoxNzc4OTA0NTMzLCJqdGkiOiI3M2VmYTVkZTcxZmM0ZjRjYjg2Y2UzYjI3NDgxYWQ1NiIsInVzZXJfaWQiOiIxMCJ9.jQT6ZfOGl7v86lL1E-NYQOhjtHgd0qa-umorDXMecB8	2026-05-16 04:08:53.441254+00	2026-07-05 04:08:53+00	10	73efa5de71fc4f4cb86ce3b27481ad56
32	eyJhbGciOiJIUzI1NiIsInR5cCI6IkpXVCJ9.eyJ0b2tlbl90eXBlIjoicmVmcmVzaCIsImV4cCI6MTc4MzI0Njk0MywiaWF0IjoxNzc4OTI2OTQzLCJqdGkiOiI5M2JiZDgzYzZlNjM0MWU3YWEwMjM2NGZjNTIxZWY1NCIsInVzZXJfaWQiOiIxMCJ9.fNeXuunEV4XdBD23vJk1MCHcZFBcDKr7MCg8m3e8qAc	2026-05-16 10:22:23.442973+00	2026-07-05 10:22:23+00	10	93bbd83c6e6341e7aa02364fc521ef54
33	eyJhbGciOiJIUzI1NiIsInR5cCI6IkpXVCJ9.eyJ0b2tlbl90eXBlIjoicmVmcmVzaCIsImV4cCI6MTc4MzI0NzYyMCwiaWF0IjoxNzc4OTI3NjIwLCJqdGkiOiIzYzlmMWFiMGZjNGQ0NjdkYmQ1MTRkNjc5MDg0MTgxNSIsInVzZXJfaWQiOiIxMCJ9.C2PDHdS8TbIzdsAg088LxORkl7JDPE7z93SODcjzOtg	2026-05-16 10:33:40.870361+00	2026-07-05 10:33:40+00	10	3c9f1ab0fc4d467dbd514d6790841815
34	eyJhbGciOiJIUzI1NiIsInR5cCI6IkpXVCJ9.eyJ0b2tlbl90eXBlIjoicmVmcmVzaCIsImV4cCI6MTc4MzI0NzYzNiwiaWF0IjoxNzc4OTI3NjM2LCJqdGkiOiJiZDllZDdmMWQ1YTg0ZGU5YWJmMTkwMTI5MWNmZjk2YiIsInVzZXJfaWQiOiIxMCJ9.FZH2KYGmItlNxW6Vz3mGvZA-AtIwGzltUEBtmMDn0wU	2026-05-16 10:33:56.077621+00	2026-07-05 10:33:56+00	10	bd9ed7f1d5a84de9abf1901291cff96b
35	eyJhbGciOiJIUzI1NiIsInR5cCI6IkpXVCJ9.eyJ0b2tlbl90eXBlIjoicmVmcmVzaCIsImV4cCI6MTc4MzI0ODc3MSwiaWF0IjoxNzc4OTI4NzcxLCJqdGkiOiI5MDA5ZGU0YmJkOGU0ZWRlODU5NGMwZjBkM2JiYTZkNCIsInVzZXJfaWQiOiIxMCJ9.7rYr4aNd-hjHPshL3enYTZr9gwqjnH4NychYophAcmU	2026-05-16 10:52:51.899824+00	2026-07-05 10:52:51+00	10	9009de4bbd8e4ede8594c0f0d3bba6d4
36	eyJhbGciOiJIUzI1NiIsInR5cCI6IkpXVCJ9.eyJ0b2tlbl90eXBlIjoicmVmcmVzaCIsImV4cCI6MTc4MzI0OTY4NywiaWF0IjoxNzc4OTI5Njg3LCJqdGkiOiI1NzhlZDc5ZjU4NTM0MDZlYjI0NjhhZmY5MWYzMzcwZiIsInVzZXJfaWQiOiIxMCJ9.L2ni09Y1UXIWzBF2MT5j8uiMHMwmlaa2N9fHwGhZ-wQ	2026-05-16 11:08:07.939552+00	2026-07-05 11:08:07+00	10	578ed79f5853406eb2468aff91f3370f
37	eyJhbGciOiJIUzI1NiIsInR5cCI6IkpXVCJ9.eyJ0b2tlbl90eXBlIjoicmVmcmVzaCIsImV4cCI6MTc4MzMxNDMzOCwiaWF0IjoxNzc4OTk0MzM4LCJqdGkiOiI3YzJhN2Y1NmJhZjE0MjM2Yjk3ZjBmZWNlNjMwNzJkZCIsInVzZXJfaWQiOiIxMCJ9.gOLmrkEnIZIKCyr11gpWyOWtYUrHa3hlgkKnKKiACv0	2026-05-17 05:05:38.010424+00	2026-07-06 05:05:38+00	10	7c2a7f56baf14236b97f0fece63072dd
38	eyJhbGciOiJIUzI1NiIsInR5cCI6IkpXVCJ9.eyJ0b2tlbl90eXBlIjoicmVmcmVzaCIsImV4cCI6MTc4MzMxNjE2NywiaWF0IjoxNzc4OTk2MTY3LCJqdGkiOiI2MTg3YzdmOTgxNWU0Mjg1ODk5MGFlYjZjYjU0MjU5YiIsInVzZXJfaWQiOiIxMCJ9.xipyeRTtjJsgmyNX2IUoRIYkTzb4-0UXaIy7YBx0lY4	2026-05-17 05:36:07.194081+00	2026-07-06 05:36:07+00	10	6187c7f9815e42858990aeb6cb54259b
39	eyJhbGciOiJIUzI1NiIsInR5cCI6IkpXVCJ9.eyJ0b2tlbl90eXBlIjoicmVmcmVzaCIsImV4cCI6MTc4MzMyMTM3MiwiaWF0IjoxNzc5MDAxMzcyLCJqdGkiOiI1MmQyNTM0NTkwMWM0NTRlYmM5ZDA5MTk0ZTZlOTU5NCIsInVzZXJfaWQiOiI4In0.vaXhTQaFwcJS4YvQ5iw1trPc2gQsYx0mslYWrbznmk0	2026-05-17 07:02:52.12496+00	2026-07-06 07:02:52+00	8	52d25345901c454ebc9d09194e6e9594
40	eyJhbGciOiJIUzI1NiIsInR5cCI6IkpXVCJ9.eyJ0b2tlbl90eXBlIjoicmVmcmVzaCIsImV4cCI6MTc4MzMyMjczNCwiaWF0IjoxNzc5MDAyNzM0LCJqdGkiOiJhZjdlOWEzZjA3NGU0Zjg4OWI3MzljNGFjNjVhODQzNSIsInVzZXJfaWQiOiI4In0.VJUyF1GXm4xRqq0Vf8acPgbNXtXEgoVAPCXsZKulRdk	2026-05-17 07:25:34.465881+00	2026-07-06 07:25:34+00	8	af7e9a3f074e4f889b739c4ac65a8435
41	eyJhbGciOiJIUzI1NiIsInR5cCI6IkpXVCJ9.eyJ0b2tlbl90eXBlIjoicmVmcmVzaCIsImV4cCI6MTc4MzMzMjQ3OCwiaWF0IjoxNzc5MDEyNDc4LCJqdGkiOiI0ZDhiMzVlYzFkNTc0NDI1OTc4OTU2NTVkNzQwN2I4MyIsInVzZXJfaWQiOiIxMCJ9.AaHTc6_XqV_dzy7vqF9QvmK_EL61R3VTX6CVeBRj5_U	2026-05-17 10:07:58.757176+00	2026-07-06 10:07:58+00	10	4d8b35ec1d57442597895655d7407b83
42	eyJhbGciOiJIUzI1NiIsInR5cCI6IkpXVCJ9.eyJ0b2tlbl90eXBlIjoicmVmcmVzaCIsImV4cCI6MTc4MzMzNDU2MywiaWF0IjoxNzc5MDE0NTYzLCJqdGkiOiJjNDFhYmI1YjM1MmY0ODQxYjIzY2JjNmU0NDVkYWE4YiIsInVzZXJfaWQiOiIxMCJ9.Z7oOcu9UmOpLFwFpKVD5oWXYpEAwTIM_-ofOvp4-aok	2026-05-17 10:42:43.651681+00	2026-07-06 10:42:43+00	10	c41abb5b352f4841b23cbc6e445daa8b
43	eyJhbGciOiJIUzI1NiIsInR5cCI6IkpXVCJ9.eyJ0b2tlbl90eXBlIjoicmVmcmVzaCIsImV4cCI6MTc4MzM5ODg5NCwiaWF0IjoxNzc5MDc4ODk0LCJqdGkiOiI5NmEwZDgxOWQ5NWY0MzIwYmNhOWI4OWI2ZWU5YTM5NyIsInVzZXJfaWQiOiIxMCJ9.33FR9RuOLrw4sWgXQRfmGl-AyzXXd_rVIhBcY8878u4	2026-05-18 04:34:54.992791+00	2026-07-07 04:34:54+00	10	96a0d819d95f4320bca9b89b6ee9a397
44	eyJhbGciOiJIUzI1NiIsInR5cCI6IkpXVCJ9.eyJ0b2tlbl90eXBlIjoicmVmcmVzaCIsImV4cCI6MTc4MzQwNjU2NywiaWF0IjoxNzc5MDg2NTY3LCJqdGkiOiJmNTkwM2JmZDgyYzA0NDhjYTQ5YTc0ZmI2Zjg4Yzg3YyIsInVzZXJfaWQiOiIxMCJ9.GnKZopPCHE3a5EYI42qJdp26xR1XGwQ4ljRJwY4CNBk	2026-05-18 06:42:47.399189+00	2026-07-07 06:42:47+00	10	f5903bfd82c0448ca49a74fb6f88c87c
45	eyJhbGciOiJIUzI1NiIsInR5cCI6IkpXVCJ9.eyJ0b2tlbl90eXBlIjoicmVmcmVzaCIsImV4cCI6MTc4MzQyNDA4MCwiaWF0IjoxNzc5MTA0MDgwLCJqdGkiOiJlMWM2Y2MxYjUxMDE0NjVkYTAyMDAzZTFjYTFlYjNlNCIsInVzZXJfaWQiOiIxNCJ9.GhkNpygW6-tgHdBHZbgFbUZM2obp5es8QBHu5qY-XNY	2026-05-18 11:34:40.097859+00	2026-07-07 11:34:40+00	14	e1c6cc1b5101465da02003e1ca1eb3e4
46	eyJhbGciOiJIUzI1NiIsInR5cCI6IkpXVCJ9.eyJ0b2tlbl90eXBlIjoicmVmcmVzaCIsImV4cCI6MTc4MzQ5MDQ1OSwiaWF0IjoxNzc5MTcwNDU5LCJqdGkiOiI5ODAyN2VlNzg5NGQ0NWI1YTQwOTE3MTExN2VjNGM4NyIsInVzZXJfaWQiOiIxMCJ9.WQVpewWgp195VfRZQEhcw5-Kxg0cJ8lsTT-k92wDb34	2026-05-19 06:00:59.939838+00	2026-07-08 06:00:59+00	10	98027ee7894d45b5a409171117ec4c87
47	eyJhbGciOiJIUzI1NiIsInR5cCI6IkpXVCJ9.eyJ0b2tlbl90eXBlIjoicmVmcmVzaCIsImV4cCI6MTc4MzQ5MTA0MiwiaWF0IjoxNzc5MTcxMDQyLCJqdGkiOiI1ZDE5MzM5YWViNzI0MzY4ODkzMTMyNzRlNzMzNzY4NiIsInVzZXJfaWQiOiIxMCJ9.7FDm564Hesafrpb-4GQQAw4IbVHiVYe5NSnnQ3MOyG4	2026-05-19 06:10:42.221903+00	2026-07-08 06:10:42+00	10	5d19339aeb72436889313274e7337686
48	eyJhbGciOiJIUzI1NiIsInR5cCI6IkpXVCJ9.eyJ0b2tlbl90eXBlIjoicmVmcmVzaCIsImV4cCI6MTc4MzQ5NjE4MSwiaWF0IjoxNzc5MTc2MTgxLCJqdGkiOiJjYzBkYjRjNmMyNDk0Yzc4OTkxNTczODNjMDMzNjU0NiIsInVzZXJfaWQiOiIxMCJ9.wqW4TNdY90XfV_HGmE9vlYoAE19kWHt8XHHa7DfnhtY	2026-05-19 07:36:21.324362+00	2026-07-08 07:36:21+00	10	cc0db4c6c2494c7899157383c0336546
49	eyJhbGciOiJIUzI1NiIsInR5cCI6IkpXVCJ9.eyJ0b2tlbl90eXBlIjoicmVmcmVzaCIsImV4cCI6MTc4MzUwMTQyMCwiaWF0IjoxNzc5MTgxNDIwLCJqdGkiOiJlODVlZTk5MjJhZDQ0YWJmYmIxOWYwMDkxN2VmZDVjNSIsInVzZXJfaWQiOiIxMCJ9.Con8O8H7RwAk8t87oq0fY13InouAFIxtwVQoPqydmCg	2026-05-19 09:03:40.825597+00	2026-07-08 09:03:40+00	10	e85ee9922ad44abfbb19f00917efd5c5
\.


--
-- Data for Name: top_doctor_topdoctor; Type: TABLE DATA; Schema: public; Owner: postgres
--

COPY public.top_doctor_topdoctor (id, name, image, designation, created_at, contact_details, doctor_details, doctor_fees, doctor_sedule, hospital_id, subcategory_id, years_of_experience, contact_details_bn, contact_details_en, designation_bn, designation_en, doctor_details_bn, doctor_details_en, doctor_fees_bn, doctor_fees_en, doctor_sedule_bn, doctor_sedule_en, name_bn, name_en) FROM stdin;
6	Dr. Sumaiya Nowsheen Khan Panthoi	doctor_images/M-39623_Pantho_aPBgZxv.jpg.jpeg	MBBS	2026-05-10 11:14:34.209117+00	Doctor Appointment Hotline\r\n\r\n📞 01805-464400\r\n📞 01805-464391\r\n📞 01805-464392		500	12pm-6pm ( mon, wed, fri)	20	3	5	\N	Doctor Appointment Hotline\r\n\r\n📞 01805-464400\r\n📞 01805-464391\r\n📞 01805-464392	\N	MBBS	\N		\N	500	\N	12pm-6pm ( mon, wed, fri)	\N	Dr. Sumaiya Nowsheen Khan Panthoi
5	Dr. Sadia sultana lima	doctor_images/Dr._Sadia_sultana_lima.jpeg	MBBS	2026-05-10 09:45:27.18789+00	Doctor Appointment Hotline\r\n\r\n📞 01805-464400\r\n📞 01805-464391\r\n📞 01805-464392		400	10am-10pm (all day)	3	13	4	\N	Doctor Appointment Hotline\r\n\r\n📞 01805-464400\r\n📞 01805-464391\r\n📞 01805-464392	\N	MBBS	\N		\N	400	\N	10am-10pm (all day)	\N	Dr. Sadia sultana lima
3	DR. Naurin Jahan Eva	doctor_images/Nourin_jahan_eva.jpeg	MBBS (CMC) FCPS , P-2 Trainee	2026-05-10 09:40:58.12858+00	Doctor Appointment Hotline\r\n\r\n📞 01805-464400\r\n📞 01805-464391\r\n📞 01805-464392		500	Evening ( 6.00 - 11.00 pm ) , without fri	15	13	2	\N	Doctor Appointment Hotline\r\n\r\n📞 01805-464400\r\n📞 01805-464391\r\n📞 01805-464392	\N	MBBS (CMC) FCPS , P-2 Trainee	\N		\N	500	\N	Evening ( 6.00 - 11.00 pm ) , without fri	\N	DR. Naurin Jahan Eva
4	Dr. MD. Monsur Alam	doctor_images/Md_monsur_alam.jpeg	MBBS, FCS(Gastro)	2026-05-10 09:43:20.78617+00	Doctor Appointment Hotline\r\n\r\n📞 01805-464400\r\n📞 01805-464391\r\n📞 01805-464392		\N	office contact Evening - Night ( without fri )	11	5	9	\N	Doctor Appointment Hotline\r\n\r\n📞 01805-464400\r\n📞 01805-464391\r\n📞 01805-464392	\N	MBBS, FCS(Gastro)	\N		\N	\N	\N	office contact Evening - Night ( without fri )	\N	Dr. MD. Monsur Alam
1	DR. Avishek chakraborty	doctor_images/DR_nTktkNS._Avishek_chakraborty.jpeg	MBBS	2026-05-06 04:51:56.365694+00	Doctor Appointment Hotline\r\n\r\n📞 01805-464400\r\n📞 01805-464391\r\n📞 01805-464392		300	3 pm- 8pm (Sat, sun , mon,tue , wed ,thu)	10	3	8	\N	Doctor Appointment Hotline\r\n\r\n📞 01805-464400\r\n📞 01805-464391\r\n📞 01805-464392	\N	MBBS	\N		\N	300	\N	3 pm- 8pm (Sat, sun , mon,tue , wed ,thu)	\N	DR. Avishek chakraborty
\.


--
-- Name: auth_group_id_seq; Type: SEQUENCE SET; Schema: public; Owner: postgres
--

SELECT pg_catalog.setval('public.auth_group_id_seq', 1, false);


--
-- Name: auth_group_permissions_id_seq; Type: SEQUENCE SET; Schema: public; Owner: postgres
--

SELECT pg_catalog.setval('public.auth_group_permissions_id_seq', 1, false);


--
-- Name: auth_permission_id_seq; Type: SEQUENCE SET; Schema: public; Owner: postgres
--

SELECT pg_catalog.setval('public.auth_permission_id_seq', 152, true);


--
-- Name: authentication_appointment_id_seq; Type: SEQUENCE SET; Schema: public; Owner: postgres
--

SELECT pg_catalog.setval('public.authentication_appointment_id_seq', 18, true);


--
-- Name: authentication_payment_id_seq; Type: SEQUENCE SET; Schema: public; Owner: postgres
--

SELECT pg_catalog.setval('public.authentication_payment_id_seq', 13, true);


--
-- Name: authentication_user_groups_id_seq; Type: SEQUENCE SET; Schema: public; Owner: postgres
--

SELECT pg_catalog.setval('public.authentication_user_groups_id_seq', 1, false);


--
-- Name: authentication_user_id_seq; Type: SEQUENCE SET; Schema: public; Owner: postgres
--

SELECT pg_catalog.setval('public.authentication_user_id_seq', 14, true);


--
-- Name: authentication_user_user_permissions_id_seq; Type: SEQUENCE SET; Schema: public; Owner: postgres
--

SELECT pg_catalog.setval('public.authentication_user_user_permissions_id_seq', 1, false);


--
-- Name: django_admin_log_id_seq; Type: SEQUENCE SET; Schema: public; Owner: postgres
--

SELECT pg_catalog.setval('public.django_admin_log_id_seq', 673, true);


--
-- Name: django_content_type_id_seq; Type: SEQUENCE SET; Schema: public; Owner: postgres
--

SELECT pg_catalog.setval('public.django_content_type_id_seq', 38, true);


--
-- Name: django_migrations_id_seq; Type: SEQUENCE SET; Schema: public; Owner: postgres
--

SELECT pg_catalog.setval('public.django_migrations_id_seq', 116, true);


--
-- Name: foreign_treatments_country_id_seq; Type: SEQUENCE SET; Schema: public; Owner: postgres
--

SELECT pg_catalog.setval('public.foreign_treatments_country_id_seq', 16, true);


--
-- Name: foreign_treatments_hospital_id_seq; Type: SEQUENCE SET; Schema: public; Owner: postgres
--

SELECT pg_catalog.setval('public.foreign_treatments_hospital_id_seq', 38, true);


--
-- Name: foreign_treatments_hospitaldetail_id_seq; Type: SEQUENCE SET; Schema: public; Owner: postgres
--

SELECT pg_catalog.setval('public.foreign_treatments_hospitaldetail_id_seq', 3, true);


--
-- Name: medical_accessories_accessorycategory_id_seq; Type: SEQUENCE SET; Schema: public; Owner: postgres
--

SELECT pg_catalog.setval('public.medical_accessories_accessorycategory_id_seq', 9, true);


--
-- Name: medical_accessories_medicalaccessory_id_seq; Type: SEQUENCE SET; Schema: public; Owner: postgres
--

SELECT pg_catalog.setval('public.medical_accessories_medicalaccessory_id_seq', 1, false);


--
-- Name: notifications_quotewiserd_id_seq; Type: SEQUENCE SET; Schema: public; Owner: postgres
--

SELECT pg_catalog.setval('public.notifications_quotewiserd_id_seq', 1, true);


--
-- Name: other_medical_service_medicalservicecategory_id_seq; Type: SEQUENCE SET; Schema: public; Owner: postgres
--

SELECT pg_catalog.setval('public.other_medical_service_medicalservicecategory_id_seq', 12, true);


--
-- Name: other_medical_service_medicalservicedoctor_id_seq; Type: SEQUENCE SET; Schema: public; Owner: postgres
--

SELECT pg_catalog.setval('public.other_medical_service_medicalservicedoctor_id_seq', 1, false);


--
-- Name: package_collaborationscompany_id_seq; Type: SEQUENCE SET; Schema: public; Owner: postgres
--

SELECT pg_catalog.setval('public.package_collaborationscompany_id_seq', 4, true);


--
-- Name: package_package_id_seq; Type: SEQUENCE SET; Schema: public; Owner: postgres
--

SELECT pg_catalog.setval('public.package_package_id_seq', 1, false);


--
-- Name: package_socialmediaservice_id_seq; Type: SEQUENCE SET; Schema: public; Owner: postgres
--

SELECT pg_catalog.setval('public.package_socialmediaservice_id_seq', 1, true);


--
-- Name: package_socialmediaservices_id_seq; Type: SEQUENCE SET; Schema: public; Owner: postgres
--

SELECT pg_catalog.setval('public.package_socialmediaservices_id_seq', 1, false);


--
-- Name: popular_service_doctor_id_seq; Type: SEQUENCE SET; Schema: public; Owner: postgres
--

SELECT pg_catalog.setval('public.popular_service_doctor_id_seq', 46, true);


--
-- Name: popular_service_hospital_id_seq; Type: SEQUENCE SET; Schema: public; Owner: postgres
--

SELECT pg_catalog.setval('public.popular_service_hospital_id_seq', 24, true);


--
-- Name: popular_service_servicecategory_id_seq; Type: SEQUENCE SET; Schema: public; Owner: postgres
--

SELECT pg_catalog.setval('public.popular_service_servicecategory_id_seq', 18, true);


--
-- Name: popular_service_subcategory_id_seq; Type: SEQUENCE SET; Schema: public; Owner: postgres
--

SELECT pg_catalog.setval('public.popular_service_subcategory_id_seq', 29, true);


--
-- Name: slider_sliderone_id_seq; Type: SEQUENCE SET; Schema: public; Owner: postgres
--

SELECT pg_catalog.setval('public.slider_sliderone_id_seq', 9, true);


--
-- Name: slider_slidertwo_id_seq; Type: SEQUENCE SET; Schema: public; Owner: postgres
--

SELECT pg_catalog.setval('public.slider_slidertwo_id_seq', 9, true);


--
-- Name: special_doctor_specialdoctor_id_seq; Type: SEQUENCE SET; Schema: public; Owner: postgres
--

SELECT pg_catalog.setval('public.special_doctor_specialdoctor_id_seq', 1, false);


--
-- Name: token_blacklist_blacklistedtoken_id_seq; Type: SEQUENCE SET; Schema: public; Owner: postgres
--

SELECT pg_catalog.setval('public.token_blacklist_blacklistedtoken_id_seq', 1, false);


--
-- Name: token_blacklist_outstandingtoken_id_seq; Type: SEQUENCE SET; Schema: public; Owner: postgres
--

SELECT pg_catalog.setval('public.token_blacklist_outstandingtoken_id_seq', 49, true);


--
-- Name: top_doctor_topdoctor_id_seq; Type: SEQUENCE SET; Schema: public; Owner: postgres
--

SELECT pg_catalog.setval('public.top_doctor_topdoctor_id_seq', 6, true);


--
-- Name: auth_group auth_group_name_key; Type: CONSTRAINT; Schema: public; Owner: postgres
--

ALTER TABLE ONLY public.auth_group
    ADD CONSTRAINT auth_group_name_key UNIQUE (name);


--
-- Name: auth_group_permissions auth_group_permissions_group_id_permission_id_0cd325b0_uniq; Type: CONSTRAINT; Schema: public; Owner: postgres
--

ALTER TABLE ONLY public.auth_group_permissions
    ADD CONSTRAINT auth_group_permissions_group_id_permission_id_0cd325b0_uniq UNIQUE (group_id, permission_id);


--
-- Name: auth_group_permissions auth_group_permissions_pkey; Type: CONSTRAINT; Schema: public; Owner: postgres
--

ALTER TABLE ONLY public.auth_group_permissions
    ADD CONSTRAINT auth_group_permissions_pkey PRIMARY KEY (id);


--
-- Name: auth_group auth_group_pkey; Type: CONSTRAINT; Schema: public; Owner: postgres
--

ALTER TABLE ONLY public.auth_group
    ADD CONSTRAINT auth_group_pkey PRIMARY KEY (id);


--
-- Name: auth_permission auth_permission_content_type_id_codename_01ab375a_uniq; Type: CONSTRAINT; Schema: public; Owner: postgres
--

ALTER TABLE ONLY public.auth_permission
    ADD CONSTRAINT auth_permission_content_type_id_codename_01ab375a_uniq UNIQUE (content_type_id, codename);


--
-- Name: auth_permission auth_permission_pkey; Type: CONSTRAINT; Schema: public; Owner: postgres
--

ALTER TABLE ONLY public.auth_permission
    ADD CONSTRAINT auth_permission_pkey PRIMARY KEY (id);


--
-- Name: authentication_appointment authentication_appointment_pkey; Type: CONSTRAINT; Schema: public; Owner: postgres
--

ALTER TABLE ONLY public.authentication_appointment
    ADD CONSTRAINT authentication_appointment_pkey PRIMARY KEY (id);


--
-- Name: authentication_payment authentication_payment_appointment_id_key; Type: CONSTRAINT; Schema: public; Owner: postgres
--

ALTER TABLE ONLY public.authentication_payment
    ADD CONSTRAINT authentication_payment_appointment_id_key UNIQUE (appointment_id);


--
-- Name: authentication_payment authentication_payment_pkey; Type: CONSTRAINT; Schema: public; Owner: postgres
--

ALTER TABLE ONLY public.authentication_payment
    ADD CONSTRAINT authentication_payment_pkey PRIMARY KEY (id);


--
-- Name: authentication_payment authentication_payment_transaction_id_key; Type: CONSTRAINT; Schema: public; Owner: postgres
--

ALTER TABLE ONLY public.authentication_payment
    ADD CONSTRAINT authentication_payment_transaction_id_key UNIQUE (transaction_id);


--
-- Name: authentication_user_groups authentication_user_groups_pkey; Type: CONSTRAINT; Schema: public; Owner: postgres
--

ALTER TABLE ONLY public.authentication_user_groups
    ADD CONSTRAINT authentication_user_groups_pkey PRIMARY KEY (id);


--
-- Name: authentication_user_groups authentication_user_groups_user_id_group_id_8af031ac_uniq; Type: CONSTRAINT; Schema: public; Owner: postgres
--

ALTER TABLE ONLY public.authentication_user_groups
    ADD CONSTRAINT authentication_user_groups_user_id_group_id_8af031ac_uniq UNIQUE (user_id, group_id);


--
-- Name: authentication_user authentication_user_phone_number_key; Type: CONSTRAINT; Schema: public; Owner: postgres
--

ALTER TABLE ONLY public.authentication_user
    ADD CONSTRAINT authentication_user_phone_number_key UNIQUE (phone_number);


--
-- Name: authentication_user authentication_user_pkey; Type: CONSTRAINT; Schema: public; Owner: postgres
--

ALTER TABLE ONLY public.authentication_user
    ADD CONSTRAINT authentication_user_pkey PRIMARY KEY (id);


--
-- Name: authentication_user_user_permissions authentication_user_user_permissions_pkey; Type: CONSTRAINT; Schema: public; Owner: postgres
--

ALTER TABLE ONLY public.authentication_user_user_permissions
    ADD CONSTRAINT authentication_user_user_permissions_pkey PRIMARY KEY (id);


--
-- Name: authentication_user_user_permissions authentication_user_user_user_id_permission_id_ec51b09f_uniq; Type: CONSTRAINT; Schema: public; Owner: postgres
--

ALTER TABLE ONLY public.authentication_user_user_permissions
    ADD CONSTRAINT authentication_user_user_user_id_permission_id_ec51b09f_uniq UNIQUE (user_id, permission_id);


--
-- Name: django_admin_log django_admin_log_pkey; Type: CONSTRAINT; Schema: public; Owner: postgres
--

ALTER TABLE ONLY public.django_admin_log
    ADD CONSTRAINT django_admin_log_pkey PRIMARY KEY (id);


--
-- Name: django_content_type django_content_type_app_label_model_76bd3d3b_uniq; Type: CONSTRAINT; Schema: public; Owner: postgres
--

ALTER TABLE ONLY public.django_content_type
    ADD CONSTRAINT django_content_type_app_label_model_76bd3d3b_uniq UNIQUE (app_label, model);


--
-- Name: django_content_type django_content_type_pkey; Type: CONSTRAINT; Schema: public; Owner: postgres
--

ALTER TABLE ONLY public.django_content_type
    ADD CONSTRAINT django_content_type_pkey PRIMARY KEY (id);


--
-- Name: django_migrations django_migrations_pkey; Type: CONSTRAINT; Schema: public; Owner: postgres
--

ALTER TABLE ONLY public.django_migrations
    ADD CONSTRAINT django_migrations_pkey PRIMARY KEY (id);


--
-- Name: django_session django_session_pkey; Type: CONSTRAINT; Schema: public; Owner: postgres
--

ALTER TABLE ONLY public.django_session
    ADD CONSTRAINT django_session_pkey PRIMARY KEY (session_key);


--
-- Name: foreign_treatments_country foreign_treatments_country_pkey; Type: CONSTRAINT; Schema: public; Owner: postgres
--

ALTER TABLE ONLY public.foreign_treatments_country
    ADD CONSTRAINT foreign_treatments_country_pkey PRIMARY KEY (id);


--
-- Name: foreign_treatments_hospital foreign_treatments_hospital_pkey; Type: CONSTRAINT; Schema: public; Owner: postgres
--

ALTER TABLE ONLY public.foreign_treatments_hospital
    ADD CONSTRAINT foreign_treatments_hospital_pkey PRIMARY KEY (id);


--
-- Name: foreign_treatments_hospitaldetail foreign_treatments_hospitaldetail_hospital_id_key; Type: CONSTRAINT; Schema: public; Owner: postgres
--

ALTER TABLE ONLY public.foreign_treatments_hospitaldetail
    ADD CONSTRAINT foreign_treatments_hospitaldetail_hospital_id_key UNIQUE (hospital_id);


--
-- Name: foreign_treatments_hospitaldetail foreign_treatments_hospitaldetail_pkey; Type: CONSTRAINT; Schema: public; Owner: postgres
--

ALTER TABLE ONLY public.foreign_treatments_hospitaldetail
    ADD CONSTRAINT foreign_treatments_hospitaldetail_pkey PRIMARY KEY (id);


--
-- Name: medical_accessories_accessorycategory medical_accessories_accessorycategory_pkey; Type: CONSTRAINT; Schema: public; Owner: postgres
--

ALTER TABLE ONLY public.medical_accessories_accessorycategory
    ADD CONSTRAINT medical_accessories_accessorycategory_pkey PRIMARY KEY (id);


--
-- Name: medical_accessories_medicalaccessory medical_accessories_medicalaccessory_pkey; Type: CONSTRAINT; Schema: public; Owner: postgres
--

ALTER TABLE ONLY public.medical_accessories_medicalaccessory
    ADD CONSTRAINT medical_accessories_medicalaccessory_pkey PRIMARY KEY (id);


--
-- Name: notifications_quotewiserd notifications_quotewiserd_pkey; Type: CONSTRAINT; Schema: public; Owner: postgres
--

ALTER TABLE ONLY public.notifications_quotewiserd
    ADD CONSTRAINT notifications_quotewiserd_pkey PRIMARY KEY (id);


--
-- Name: other_medical_service_medicalservicecategory other_medical_service_medicalservicecategory_pkey; Type: CONSTRAINT; Schema: public; Owner: postgres
--

ALTER TABLE ONLY public.other_medical_service_medicalservicecategory
    ADD CONSTRAINT other_medical_service_medicalservicecategory_pkey PRIMARY KEY (id);


--
-- Name: other_medical_service_medicalservicedoctor other_medical_service_medicalservicedoctor_pkey; Type: CONSTRAINT; Schema: public; Owner: postgres
--

ALTER TABLE ONLY public.other_medical_service_medicalservicedoctor
    ADD CONSTRAINT other_medical_service_medicalservicedoctor_pkey PRIMARY KEY (id);


--
-- Name: package_collaborationscompany package_collaborationscompany_pkey; Type: CONSTRAINT; Schema: public; Owner: postgres
--

ALTER TABLE ONLY public.package_collaborationscompany
    ADD CONSTRAINT package_collaborationscompany_pkey PRIMARY KEY (id);


--
-- Name: package_package package_package_pkey; Type: CONSTRAINT; Schema: public; Owner: postgres
--

ALTER TABLE ONLY public.package_package
    ADD CONSTRAINT package_package_pkey PRIMARY KEY (id);


--
-- Name: package_socialmediaservice package_socialmediaservice_pkey; Type: CONSTRAINT; Schema: public; Owner: postgres
--

ALTER TABLE ONLY public.package_socialmediaservice
    ADD CONSTRAINT package_socialmediaservice_pkey PRIMARY KEY (id);


--
-- Name: package_socialmediaservices package_socialmediaservices_pkey; Type: CONSTRAINT; Schema: public; Owner: postgres
--

ALTER TABLE ONLY public.package_socialmediaservices
    ADD CONSTRAINT package_socialmediaservices_pkey PRIMARY KEY (id);


--
-- Name: popular_service_doctor popular_service_doctor_pkey; Type: CONSTRAINT; Schema: public; Owner: postgres
--

ALTER TABLE ONLY public.popular_service_doctor
    ADD CONSTRAINT popular_service_doctor_pkey PRIMARY KEY (id);


--
-- Name: popular_service_hospital popular_service_hospital_pkey; Type: CONSTRAINT; Schema: public; Owner: postgres
--

ALTER TABLE ONLY public.popular_service_hospital
    ADD CONSTRAINT popular_service_hospital_pkey PRIMARY KEY (id);


--
-- Name: popular_service_servicecategory popular_service_servicecategory_pkey; Type: CONSTRAINT; Schema: public; Owner: postgres
--

ALTER TABLE ONLY public.popular_service_servicecategory
    ADD CONSTRAINT popular_service_servicecategory_pkey PRIMARY KEY (id);


--
-- Name: popular_service_subcategory popular_service_subcategory_pkey; Type: CONSTRAINT; Schema: public; Owner: postgres
--

ALTER TABLE ONLY public.popular_service_subcategory
    ADD CONSTRAINT popular_service_subcategory_pkey PRIMARY KEY (id);


--
-- Name: slider_sliderone slider_sliderone_pkey; Type: CONSTRAINT; Schema: public; Owner: postgres
--

ALTER TABLE ONLY public.slider_sliderone
    ADD CONSTRAINT slider_sliderone_pkey PRIMARY KEY (id);


--
-- Name: slider_slidertwo slider_slidertwo_pkey; Type: CONSTRAINT; Schema: public; Owner: postgres
--

ALTER TABLE ONLY public.slider_slidertwo
    ADD CONSTRAINT slider_slidertwo_pkey PRIMARY KEY (id);


--
-- Name: special_doctor_specialdoctor special_doctor_specialdoctor_pkey; Type: CONSTRAINT; Schema: public; Owner: postgres
--

ALTER TABLE ONLY public.special_doctor_specialdoctor
    ADD CONSTRAINT special_doctor_specialdoctor_pkey PRIMARY KEY (id);


--
-- Name: token_blacklist_blacklistedtoken token_blacklist_blacklistedtoken_pkey; Type: CONSTRAINT; Schema: public; Owner: postgres
--

ALTER TABLE ONLY public.token_blacklist_blacklistedtoken
    ADD CONSTRAINT token_blacklist_blacklistedtoken_pkey PRIMARY KEY (id);


--
-- Name: token_blacklist_blacklistedtoken token_blacklist_blacklistedtoken_token_id_key; Type: CONSTRAINT; Schema: public; Owner: postgres
--

ALTER TABLE ONLY public.token_blacklist_blacklistedtoken
    ADD CONSTRAINT token_blacklist_blacklistedtoken_token_id_key UNIQUE (token_id);


--
-- Name: token_blacklist_outstandingtoken token_blacklist_outstandingtoken_jti_hex_d9bdf6f7_uniq; Type: CONSTRAINT; Schema: public; Owner: postgres
--

ALTER TABLE ONLY public.token_blacklist_outstandingtoken
    ADD CONSTRAINT token_blacklist_outstandingtoken_jti_hex_d9bdf6f7_uniq UNIQUE (jti);


--
-- Name: token_blacklist_outstandingtoken token_blacklist_outstandingtoken_pkey; Type: CONSTRAINT; Schema: public; Owner: postgres
--

ALTER TABLE ONLY public.token_blacklist_outstandingtoken
    ADD CONSTRAINT token_blacklist_outstandingtoken_pkey PRIMARY KEY (id);


--
-- Name: top_doctor_topdoctor top_doctor_topdoctor_pkey; Type: CONSTRAINT; Schema: public; Owner: postgres
--

ALTER TABLE ONLY public.top_doctor_topdoctor
    ADD CONSTRAINT top_doctor_topdoctor_pkey PRIMARY KEY (id);


--
-- Name: auth_group_name_a6ea08ec_like; Type: INDEX; Schema: public; Owner: postgres
--

CREATE INDEX auth_group_name_a6ea08ec_like ON public.auth_group USING btree (name varchar_pattern_ops);


--
-- Name: auth_group_permissions_group_id_b120cbf9; Type: INDEX; Schema: public; Owner: postgres
--

CREATE INDEX auth_group_permissions_group_id_b120cbf9 ON public.auth_group_permissions USING btree (group_id);


--
-- Name: auth_group_permissions_permission_id_84c5c92e; Type: INDEX; Schema: public; Owner: postgres
--

CREATE INDEX auth_group_permissions_permission_id_84c5c92e ON public.auth_group_permissions USING btree (permission_id);


--
-- Name: auth_permission_content_type_id_2f476e4b; Type: INDEX; Schema: public; Owner: postgres
--

CREATE INDEX auth_permission_content_type_id_2f476e4b ON public.auth_permission USING btree (content_type_id);


--
-- Name: authentication_appointment_content_type_id_34c52013; Type: INDEX; Schema: public; Owner: postgres
--

CREATE INDEX authentication_appointment_content_type_id_34c52013 ON public.authentication_appointment USING btree (content_type_id);


--
-- Name: authentication_appointment_user_id_0557d4ff; Type: INDEX; Schema: public; Owner: postgres
--

CREATE INDEX authentication_appointment_user_id_0557d4ff ON public.authentication_appointment USING btree (user_id);


--
-- Name: authentication_payment_transaction_id_2eed98c6_like; Type: INDEX; Schema: public; Owner: postgres
--

CREATE INDEX authentication_payment_transaction_id_2eed98c6_like ON public.authentication_payment USING btree (transaction_id varchar_pattern_ops);


--
-- Name: authentication_user_groups_group_id_6b5c44b7; Type: INDEX; Schema: public; Owner: postgres
--

CREATE INDEX authentication_user_groups_group_id_6b5c44b7 ON public.authentication_user_groups USING btree (group_id);


--
-- Name: authentication_user_groups_user_id_30868577; Type: INDEX; Schema: public; Owner: postgres
--

CREATE INDEX authentication_user_groups_user_id_30868577 ON public.authentication_user_groups USING btree (user_id);


--
-- Name: authentication_user_phone_number_f8159965_like; Type: INDEX; Schema: public; Owner: postgres
--

CREATE INDEX authentication_user_phone_number_f8159965_like ON public.authentication_user USING btree (phone_number varchar_pattern_ops);


--
-- Name: authentication_user_user_permissions_permission_id_ea6be19a; Type: INDEX; Schema: public; Owner: postgres
--

CREATE INDEX authentication_user_user_permissions_permission_id_ea6be19a ON public.authentication_user_user_permissions USING btree (permission_id);


--
-- Name: authentication_user_user_permissions_user_id_736ebf7e; Type: INDEX; Schema: public; Owner: postgres
--

CREATE INDEX authentication_user_user_permissions_user_id_736ebf7e ON public.authentication_user_user_permissions USING btree (user_id);


--
-- Name: django_admin_log_content_type_id_c4bce8eb; Type: INDEX; Schema: public; Owner: postgres
--

CREATE INDEX django_admin_log_content_type_id_c4bce8eb ON public.django_admin_log USING btree (content_type_id);


--
-- Name: django_admin_log_user_id_c564eba6; Type: INDEX; Schema: public; Owner: postgres
--

CREATE INDEX django_admin_log_user_id_c564eba6 ON public.django_admin_log USING btree (user_id);


--
-- Name: django_session_expire_date_a5c62663; Type: INDEX; Schema: public; Owner: postgres
--

CREATE INDEX django_session_expire_date_a5c62663 ON public.django_session USING btree (expire_date);


--
-- Name: django_session_session_key_c0390e0f_like; Type: INDEX; Schema: public; Owner: postgres
--

CREATE INDEX django_session_session_key_c0390e0f_like ON public.django_session USING btree (session_key varchar_pattern_ops);


--
-- Name: foreign_treatments_hospital_country_id_5d63a6ae; Type: INDEX; Schema: public; Owner: postgres
--

CREATE INDEX foreign_treatments_hospital_country_id_5d63a6ae ON public.foreign_treatments_hospital USING btree (country_id);


--
-- Name: medical_accessories_medicalaccessory_category_id_d6a608cc; Type: INDEX; Schema: public; Owner: postgres
--

CREATE INDEX medical_accessories_medicalaccessory_category_id_d6a608cc ON public.medical_accessories_medicalaccessory USING btree (category_id);


--
-- Name: other_medical_service_medicalservicedoctor_category_id_7a58b63e; Type: INDEX; Schema: public; Owner: postgres
--

CREATE INDEX other_medical_service_medicalservicedoctor_category_id_7a58b63e ON public.other_medical_service_medicalservicedoctor USING btree (category_id);


--
-- Name: popular_service_doctor_hospital_id_954af82a; Type: INDEX; Schema: public; Owner: postgres
--

CREATE INDEX popular_service_doctor_hospital_id_954af82a ON public.popular_service_doctor USING btree (hospital_id);


--
-- Name: popular_service_doctor_subcategory_id_ede28ca9; Type: INDEX; Schema: public; Owner: postgres
--

CREATE INDEX popular_service_doctor_subcategory_id_ede28ca9 ON public.popular_service_doctor USING btree (subcategory_id);


--
-- Name: popular_service_subcategory_category_id_e2b8b624; Type: INDEX; Schema: public; Owner: postgres
--

CREATE INDEX popular_service_subcategory_category_id_e2b8b624 ON public.popular_service_subcategory USING btree (category_id);


--
-- Name: special_doctor_specialdoctor_hospital_id_333180de; Type: INDEX; Schema: public; Owner: postgres
--

CREATE INDEX special_doctor_specialdoctor_hospital_id_333180de ON public.special_doctor_specialdoctor USING btree (hospital_id);


--
-- Name: token_blacklist_outstandingtoken_jti_hex_d9bdf6f7_like; Type: INDEX; Schema: public; Owner: postgres
--

CREATE INDEX token_blacklist_outstandingtoken_jti_hex_d9bdf6f7_like ON public.token_blacklist_outstandingtoken USING btree (jti varchar_pattern_ops);


--
-- Name: token_blacklist_outstandingtoken_user_id_83bc629a; Type: INDEX; Schema: public; Owner: postgres
--

CREATE INDEX token_blacklist_outstandingtoken_user_id_83bc629a ON public.token_blacklist_outstandingtoken USING btree (user_id);


--
-- Name: top_doctor_topdoctor_hospital_id_c3ab3c3f; Type: INDEX; Schema: public; Owner: postgres
--

CREATE INDEX top_doctor_topdoctor_hospital_id_c3ab3c3f ON public.top_doctor_topdoctor USING btree (hospital_id);


--
-- Name: top_doctor_topdoctor_subcategory_id_9fb90663; Type: INDEX; Schema: public; Owner: postgres
--

CREATE INDEX top_doctor_topdoctor_subcategory_id_9fb90663 ON public.top_doctor_topdoctor USING btree (subcategory_id);


--
-- Name: auth_group_permissions auth_group_permissio_permission_id_84c5c92e_fk_auth_perm; Type: FK CONSTRAINT; Schema: public; Owner: postgres
--

ALTER TABLE ONLY public.auth_group_permissions
    ADD CONSTRAINT auth_group_permissio_permission_id_84c5c92e_fk_auth_perm FOREIGN KEY (permission_id) REFERENCES public.auth_permission(id) DEFERRABLE INITIALLY DEFERRED;


--
-- Name: auth_group_permissions auth_group_permissions_group_id_b120cbf9_fk_auth_group_id; Type: FK CONSTRAINT; Schema: public; Owner: postgres
--

ALTER TABLE ONLY public.auth_group_permissions
    ADD CONSTRAINT auth_group_permissions_group_id_b120cbf9_fk_auth_group_id FOREIGN KEY (group_id) REFERENCES public.auth_group(id) DEFERRABLE INITIALLY DEFERRED;


--
-- Name: auth_permission auth_permission_content_type_id_2f476e4b_fk_django_co; Type: FK CONSTRAINT; Schema: public; Owner: postgres
--

ALTER TABLE ONLY public.auth_permission
    ADD CONSTRAINT auth_permission_content_type_id_2f476e4b_fk_django_co FOREIGN KEY (content_type_id) REFERENCES public.django_content_type(id) DEFERRABLE INITIALLY DEFERRED;


--
-- Name: authentication_appointment authentication_appoi_content_type_id_34c52013_fk_django_co; Type: FK CONSTRAINT; Schema: public; Owner: postgres
--

ALTER TABLE ONLY public.authentication_appointment
    ADD CONSTRAINT authentication_appoi_content_type_id_34c52013_fk_django_co FOREIGN KEY (content_type_id) REFERENCES public.django_content_type(id) DEFERRABLE INITIALLY DEFERRED;


--
-- Name: authentication_appointment authentication_appointment_user_id_0557d4ff_fk; Type: FK CONSTRAINT; Schema: public; Owner: postgres
--

ALTER TABLE ONLY public.authentication_appointment
    ADD CONSTRAINT authentication_appointment_user_id_0557d4ff_fk FOREIGN KEY (user_id) REFERENCES public.authentication_user(id) DEFERRABLE INITIALLY DEFERRED;


--
-- Name: authentication_payment authentication_payment_appointment_id_d19db926_fk; Type: FK CONSTRAINT; Schema: public; Owner: postgres
--

ALTER TABLE ONLY public.authentication_payment
    ADD CONSTRAINT authentication_payment_appointment_id_d19db926_fk FOREIGN KEY (appointment_id) REFERENCES public.authentication_appointment(id) DEFERRABLE INITIALLY DEFERRED;


--
-- Name: authentication_user_user_permissions authentication_user__permission_id_ea6be19a_fk_auth_perm; Type: FK CONSTRAINT; Schema: public; Owner: postgres
--

ALTER TABLE ONLY public.authentication_user_user_permissions
    ADD CONSTRAINT authentication_user__permission_id_ea6be19a_fk_auth_perm FOREIGN KEY (permission_id) REFERENCES public.auth_permission(id) DEFERRABLE INITIALLY DEFERRED;


--
-- Name: authentication_user_groups authentication_user_groups_group_id_6b5c44b7_fk_auth_group_id; Type: FK CONSTRAINT; Schema: public; Owner: postgres
--

ALTER TABLE ONLY public.authentication_user_groups
    ADD CONSTRAINT authentication_user_groups_group_id_6b5c44b7_fk_auth_group_id FOREIGN KEY (group_id) REFERENCES public.auth_group(id) DEFERRABLE INITIALLY DEFERRED;


--
-- Name: authentication_user_groups authentication_user_groups_user_id_30868577_fk; Type: FK CONSTRAINT; Schema: public; Owner: postgres
--

ALTER TABLE ONLY public.authentication_user_groups
    ADD CONSTRAINT authentication_user_groups_user_id_30868577_fk FOREIGN KEY (user_id) REFERENCES public.authentication_user(id) DEFERRABLE INITIALLY DEFERRED;


--
-- Name: authentication_user_user_permissions authentication_user_user_permissions_user_id_736ebf7e_fk; Type: FK CONSTRAINT; Schema: public; Owner: postgres
--

ALTER TABLE ONLY public.authentication_user_user_permissions
    ADD CONSTRAINT authentication_user_user_permissions_user_id_736ebf7e_fk FOREIGN KEY (user_id) REFERENCES public.authentication_user(id) DEFERRABLE INITIALLY DEFERRED;


--
-- Name: django_admin_log django_admin_log_content_type_id_c4bce8eb_fk_django_co; Type: FK CONSTRAINT; Schema: public; Owner: postgres
--

ALTER TABLE ONLY public.django_admin_log
    ADD CONSTRAINT django_admin_log_content_type_id_c4bce8eb_fk_django_co FOREIGN KEY (content_type_id) REFERENCES public.django_content_type(id) DEFERRABLE INITIALLY DEFERRED;


--
-- Name: django_admin_log django_admin_log_user_id_c564eba6_fk; Type: FK CONSTRAINT; Schema: public; Owner: postgres
--

ALTER TABLE ONLY public.django_admin_log
    ADD CONSTRAINT django_admin_log_user_id_c564eba6_fk FOREIGN KEY (user_id) REFERENCES public.authentication_user(id) DEFERRABLE INITIALLY DEFERRED;


--
-- Name: foreign_treatments_hospital foreign_treatments_hospital_country_id_5d63a6ae_fk; Type: FK CONSTRAINT; Schema: public; Owner: postgres
--

ALTER TABLE ONLY public.foreign_treatments_hospital
    ADD CONSTRAINT foreign_treatments_hospital_country_id_5d63a6ae_fk FOREIGN KEY (country_id) REFERENCES public.foreign_treatments_country(id) DEFERRABLE INITIALLY DEFERRED;


--
-- Name: foreign_treatments_hospitaldetail foreign_treatments_hospitaldetail_hospital_id_03c4162e_fk; Type: FK CONSTRAINT; Schema: public; Owner: postgres
--

ALTER TABLE ONLY public.foreign_treatments_hospitaldetail
    ADD CONSTRAINT foreign_treatments_hospitaldetail_hospital_id_03c4162e_fk FOREIGN KEY (hospital_id) REFERENCES public.foreign_treatments_hospital(id) DEFERRABLE INITIALLY DEFERRED;


--
-- Name: medical_accessories_medicalaccessory medical_accessories_medicalaccessory_category_id_d6a608cc_fk; Type: FK CONSTRAINT; Schema: public; Owner: postgres
--

ALTER TABLE ONLY public.medical_accessories_medicalaccessory
    ADD CONSTRAINT medical_accessories_medicalaccessory_category_id_d6a608cc_fk FOREIGN KEY (category_id) REFERENCES public.medical_accessories_accessorycategory(id) DEFERRABLE INITIALLY DEFERRED;


--
-- Name: other_medical_service_medicalservicedoctor other_medical_service_med_category_id_7a58b63e_fk; Type: FK CONSTRAINT; Schema: public; Owner: postgres
--

ALTER TABLE ONLY public.other_medical_service_medicalservicedoctor
    ADD CONSTRAINT other_medical_service_med_category_id_7a58b63e_fk FOREIGN KEY (category_id) REFERENCES public.other_medical_service_medicalservicecategory(id) DEFERRABLE INITIALLY DEFERRED;


--
-- Name: popular_service_doctor popular_service_doct_hospital_id_954af82a_fk_popular_s; Type: FK CONSTRAINT; Schema: public; Owner: postgres
--

ALTER TABLE ONLY public.popular_service_doctor
    ADD CONSTRAINT popular_service_doct_hospital_id_954af82a_fk_popular_s FOREIGN KEY (hospital_id) REFERENCES public.popular_service_hospital(id) DEFERRABLE INITIALLY DEFERRED;


--
-- Name: popular_service_doctor popular_service_doct_subcategory_id_ede28ca9_fk_popular_s; Type: FK CONSTRAINT; Schema: public; Owner: postgres
--

ALTER TABLE ONLY public.popular_service_doctor
    ADD CONSTRAINT popular_service_doct_subcategory_id_ede28ca9_fk_popular_s FOREIGN KEY (subcategory_id) REFERENCES public.popular_service_subcategory(id) DEFERRABLE INITIALLY DEFERRED;


--
-- Name: popular_service_subcategory popular_service_subc_category_id_e2b8b624_fk_popular_s; Type: FK CONSTRAINT; Schema: public; Owner: postgres
--

ALTER TABLE ONLY public.popular_service_subcategory
    ADD CONSTRAINT popular_service_subc_category_id_e2b8b624_fk_popular_s FOREIGN KEY (category_id) REFERENCES public.popular_service_servicecategory(id) DEFERRABLE INITIALLY DEFERRED;


--
-- Name: special_doctor_specialdoctor special_doctor_speci_hospital_id_333180de_fk_popular_s; Type: FK CONSTRAINT; Schema: public; Owner: postgres
--

ALTER TABLE ONLY public.special_doctor_specialdoctor
    ADD CONSTRAINT special_doctor_speci_hospital_id_333180de_fk_popular_s FOREIGN KEY (hospital_id) REFERENCES public.popular_service_hospital(id) DEFERRABLE INITIALLY DEFERRED;


--
-- Name: token_blacklist_blacklistedtoken token_blacklist_blacklistedtoken_token_id_3cc7fe56_fk; Type: FK CONSTRAINT; Schema: public; Owner: postgres
--

ALTER TABLE ONLY public.token_blacklist_blacklistedtoken
    ADD CONSTRAINT token_blacklist_blacklistedtoken_token_id_3cc7fe56_fk FOREIGN KEY (token_id) REFERENCES public.token_blacklist_outstandingtoken(id) DEFERRABLE INITIALLY DEFERRED;


--
-- Name: token_blacklist_outstandingtoken token_blacklist_outstandingtoken_user_id_83bc629a_fk; Type: FK CONSTRAINT; Schema: public; Owner: postgres
--

ALTER TABLE ONLY public.token_blacklist_outstandingtoken
    ADD CONSTRAINT token_blacklist_outstandingtoken_user_id_83bc629a_fk FOREIGN KEY (user_id) REFERENCES public.authentication_user(id) DEFERRABLE INITIALLY DEFERRED;


--
-- Name: top_doctor_topdoctor top_doctor_topdoctor_hospital_id_c3ab3c3f_fk_popular_s; Type: FK CONSTRAINT; Schema: public; Owner: postgres
--

ALTER TABLE ONLY public.top_doctor_topdoctor
    ADD CONSTRAINT top_doctor_topdoctor_hospital_id_c3ab3c3f_fk_popular_s FOREIGN KEY (hospital_id) REFERENCES public.popular_service_hospital(id) DEFERRABLE INITIALLY DEFERRED;


--
-- Name: top_doctor_topdoctor top_doctor_topdoctor_subcategory_id_9fb90663_fk_popular_s; Type: FK CONSTRAINT; Schema: public; Owner: postgres
--

ALTER TABLE ONLY public.top_doctor_topdoctor
    ADD CONSTRAINT top_doctor_topdoctor_subcategory_id_9fb90663_fk_popular_s FOREIGN KEY (subcategory_id) REFERENCES public.popular_service_subcategory(id) DEFERRABLE INITIALLY DEFERRED;


--
-- PostgreSQL database dump complete
--

\unrestrict D1jKC2A6P2pRSvcOv4ajsm6rgwvSWyfBTh0kx6Nj2nEHn4be3SbJM5irvqdTSGR

