ID,Hospital Name,Division,District,Area,Address,Facilities,Contact Details,Remark
0106,Fatema Memorial Hospital,Barisal,Bhola,Bhola,"Kalibari Road, Bhola","Pathological Tests -30%, Radiology & Imaging - 15% Discount obtainable in OPD services","Dr. Nasima Khanom, +880 1725 149 982, +880 1718 200 076",Cashless facilities not applicable
0105,Meghna Health Care Centre,Barisal,Bhola,Bhola,"Meghna Bhaban (2nd floor), Sadar Road (Bangla School More), Bhola","Pathological Tests - 30%, Radiology & Imaging - 15% Discount obtainable in OPD services","Dr. Nasima Khanom, +880 1725 149 982, +880 1718 200 076",Cashless facilities not applicable.
0136,Patharghata Saudia Probasi Clinic & Diagnostic Center,Barisal,Barguna,Barguna,"Hospital Road, Patharghata, Barguna","Pathological Tests -25%, Radiology & Imaging - 15%","Mr. Manirujjaman, +880 1799 444 770, manirjaman@yahoo.com",Cashless facilities are obtainable on IPD service
0078,Fear Health Clinic,Barisal,Pirojpur,Pirojpur,"Kamalpara Pirojpur Sadar Thana, Pirojpur","Pathological Tests -40%, Radiology & Imaging - 40% Discount obtainable in OPD services","Mr. Kamal Islam, +880 1712 886 700",Cashless facilities not applicable
0121,Green View Hospital,Barisal,Patuakhali,Patuakhali,"24, Aziz Bhaban, Kazipara Road Patuakhali","Pathological Tests -30%, Radiology & Imaging - 10% Discount obtainable in OPD services","Mr. Monirul Islam, +880 1712 895 502, greenviewhospital.pk@gmail.com",Cashless facilities not applicable
0100,Moumita Clinic & Diagnostic Centre,Barisal,Jhalokati,Jhalokati,"Bahar Road (Front of Upazila), Jhalokhati","Pathological Tests -25%, Radiology & Imaging - 25% Discount obtainable in OPD services","Mr Abul Kashem, +880 1712 396 049",facilities are not obtainable on IPD service
0116,Arif Memorial Hospital,Barisal,Barisal,Barisal,"Khadija Mansion, College Row, Barishal","Pathological Tests -25%, Radiology & Imaging -25%","Faijur Rahman / Moniruzzaman Kabir, +880 1733 351 606, arifmemorialhospital15@gmail.com",Cashless facilities are obtainable on IPD service
0026,"Islami Bank Hospital, (Barishal)",Barisal,Barisal,Barisal,"Chandmari Bandroad, Barishal.","Pathological Tests -35%, Radiology & Imaging -30% Discount obtainable in OPD services","01306172700, Tel: 0431-71036, 0431-72074, ibhbarisal@yahoo.com",Cashless facilities are obtainable on IPD service
0359,The United Hospital & Diagnostic Center,Chattogram,Brahmanbaria,Brahmanbaria,"Muktijoddha Complex, B.Baria","Pathological Tests - 30%, Radiology & Imaging - 20% Discount obtainable in OPD services","Anisur Rahman Sharif, 01711111700",Cashless facilities applicable
0436,Brahmanbaria Medical College Hospital Ltd.,Chattogram,Brahmanbaria,Brahmanbaria,"Comilla-Sylhet Highway, Ghatura, Brahmanbaria","Pathological Tests - 30%, Radiology & Imaging - 20% Discount obtainable in OPD services","Md. Asadullah Miah, 01733382346",Cashless facilities not obtainable on IPD service
0133,Metropolitan Hospital Ltd,Chattogram,Chattogram,Chattogram,"948 O.R. Nizam Road, Chattogram-4000","Pathological Tests - 25%, Radiology & Imaging - 15% Discount obtainable in OPD services",Morshed 0181499619 / Shahadat 01827830845,Cashless facilities obtainable on IPD service
0132,"Islami Bank Hospital, (Chattogram)",Chattogram,Chattogram,Chattogram,"Sheikh Mujib Rd, Chattogram.","Pathological Tests - 40%, Radiology & Imaging - 35% Discount obtainable in OPD services","Tel: 02 9338481, 9348842, ibh.agrabad@gmail.com",Cashless facilities obtainable on IPD service
0127,Max Hospital Limited,Chattogram,Chattogram,Chattogram,"35/36, Mehedibag, Chittagong-4000","Pathological Tests - 30%, Radiology & Imaging - 20% Discount obtainable in OPD services","01713998156, ranjan010175@gmail.com, maxdiagnosticltd@gmail.com",Cashless facilities obtainable on IPD service
0118,Ramganj Adhunik Hospital,Chattogram,Chattogram,Chattogram,"College Road, Ramganj, Lakshmipur, Chattogram","Pathological Tests - 30%, Radiology & Imaging - 20% Discount obtainable in OPD services","Mr. Nazmul Hasan, +880 1740 963 494, ramgonjadhunik@hotmail.com",Cashless facilities applicable
0035,Surgiscope Hospital Unit-1.,Chattogram,Chattogram,Chattogram,"53/1, Panchlaish R/A, Chattogram-4203","Pathological Tests - 20%, Radiology & Imaging - 10% Discount obtainable in OPD services","Mr. Sanjoy Kumar Nath, +880 1819 633 434, Tel: 031 652038; 653882, surgihospital@yahoo.com",Cashless facilities obtainable on IPD service
0304,"Surgiscope Hospital Unit-2, (Multi Specialized Hospital)",Chattogram,Chattogram,Chattogram,"445/466, Katalgonj, Chattogram-4203","Pathological Tests - 20%, Radiology & Imaging - 10% Discount obtainable in OPD services","Mr. Sanjoy Kumar Nath, +880 1819 633 434, Tel: 031 255 5101-5, surgihospital@yahoo.com",Cashless facilities obtainable on IPD service
0316,Medical Centre,Chattogram,Chattogram,Chattogram,"953 O.R. Nizam Rd, Chittagong, Bangladesh","Pathological Tests - 30%, Radiology & Imaging - 20% Discount obtainable in OPD services","Mr. Kamal Uddin, +880 1553-312589, kuddin500@yahoo.com",Cashless facilities obtainable on IPD service
0363,Bangladesh Eye Hospital & Institute Ltd.,Chattogram,Chattogram,Chattogram,"Probartak sangha building (4th-5th floor), probartak circle panchlaish, Chittagong",Investigation-10%,01839392525,Cashless facilities not obtainable on IPD service
0369,Evercare Hospital Chattogram,Chattogram,Chattogram,Chattogram,"Plot # H1, Anannaa R/A, CDA, Hathazari, Chattogram","NO DISCOUNT ON OPD (OUT-PATIENT) SERVICES, COVID-19 treatment available (Cashless facilities available)","Mr. Ranjon 01729043247, Hospital Contact No: 09610847847",Cashless facilities obtainable on IPD service
0415,Labaid Diagnostic,Chattogram,Chattogram,Chattogram,"Forum Central (2nd Floor), 787/863, M. M. Ali Road, Gole Pahar More, Mehedigab, Chattogram","Pathological Tests - 15% (Except PCR & Nuclear Medicine), Radiology & Imaging - 10%","880 1766 662829, Tel: 02-863892-4",N/A
0341,Gomati Hospital (Pvt.) Ltd.,Chattogram,Comilla,Comilla,"Nazrul Avenue, Kanirbazar, Cumilla.","Pathological Tests - 25%, X-Ray/ECG/Mammography -20%, USG/Color Doppler-30%/10%, Radiology & Imaging- 10%, CT Scan - 15%, MRI-10%","Mr. Ali Newaz, +880 1818 213948, gomotihp2001@gmail.com",Cashless facilities not obtainable on IPD service
0031,Cumilla Trauma Center,Chattogram,Comilla,Comilla,"Nazrul Avenue, Ranir Bazaar Road, Cumilla","Outdoor/Emergency Doctor fee - 20/- Discount, Pathological Tests - 20%, Radiology & Imaging - 20% Discount obtainable in OPD services","Mr. H.M. Taizur Rob, +880 1733 38 62 03, drabdulhoque63@gmail.com, hmtaizurrob@gmail.com",Cashless facilities obtainable on IPD service
0080,Laksam Medical Center (Pvt.) Ltd.,Chattogram,Comilla,Comilla,"Khondokar Super Market (1st & 2nd Floor), Bypass Road (East side), Laksam, Cumilla","Pathological Tests - 35%, Radiology & Imaging - 25% Discount obtainable in OPD services","Mr. Lutfur Rahaman Jewel, +880 1711 205 559, +880 1971 120 559, Irjewellaksam@gmail.com",Cashless facilities obtainable on IPD service
0084,"Central Hospital, Coxsbazar",Chattogram,Cox's Bazar,Cox's Bazar,"Near Girl's High School, Sadar Hospital Road, 4700 Cox's Bazar","Pathological Tests - 30%, Radiology & Imaging - 15% Discount obtainable in OPD services","Mr. Absar Kamal, +880 1873 250 868, omar.sharif.shibly@gmail.com, info@centralhospitalcox.com",Cashless facilities obtainable on IPD service
0302,Fouad Al-Khateeb Hospital,Chattogram,Cox's Bazar,Cox's Bazar,"Central Jamay Mosjid Road, Cox's Bazar 4700 Cox's Bazar.","Pathological Tests - 30%, Radiology & Imaging - 20%, Physiotherapy - 20% Discount obtainable in OPD services","Dr. Shah Alam, +880 1965 510 000, 0341-64674, 0341-62111",Cashless facilities applicable
0075,ZU Model Hospital,Chattogram,Feni,Feni,"SSk Road Feni, Chittagon Division, Feni","Pathological Tests - 30%, Radiology & Imaging - 30% Discount obtainable in OPD services","Mr. Sultan A. Tipu, +880 1881 101 013, gmtipu@ymail.com",Cashless facilities obtainable on IPD service
0236,Model Hospital Private,Chattogram,Lakshmipur,Lakshmipur,"Ramgoti Road (Near Markaj Mosjid), Laxmipur","Pathological Tests - 35%, Radiology & Imaging - 20% Discount obtainable in OPD services","Mr. Taslimur Rahman, +880 1743 917 503, modelhospital3@gmail.com",Cashless facilities obtainable on IPD service
0028,Apollo Hospital & Diagnostic Complex,Chattogram,Noakhali,Noakhali,"Main road, Maijdee, Noakhali","Pathological Tests - 30%, Radiology & Imaging - 15% Discount obtainable in OPD services","Mr. Nazmul Ahmed Shupath, +880 1716 150 059, +880 1788 398 484",Cashless facilities applicable
0224,Good Heal Hospital,Chattogram,Noakhali,Noakhali,"General Hospital Road, Maijdee, Noakhali","Pathological Tests - 30%, Radiology & Imaging - 20% Discount obtainable in OPD services","Mr. Raisuddin Khandokar, +880 1711 464 812, goodheal_hospital@yahoo.com",Cashless facilities obtainable on IPD service
0225,Good Heal Complex,Chattogram,Noakhali,Noakhali,"Hospital Road, Maijdee, Noakhali","Pathological Tests - 30%, Radiology & Imaging - 20% Discount obtainable in OPD services","Mr. Raihan, +880 1816 472 629, goodheal_hospital@yahoo.com",Cashless facilities obtainable on IPD service
0052,Jahanara Hospital (Pvt).,Chattogram,Noakhali,Noakhali,"Sonaimuri Chourasta, Sonaimuri, Noakhali","Pathological Tests - 30%, Radiology & Imaging - 15% Discount obtainable in OPD services","Mr. Jahangir Alam Bhuyan, +880 1711 282 153, drjahangir_alam@yahoo.com",Cashless facilities applicable
0235,Royal Hospital Unit-2,Chattogram,Noakhali,Noakhali,"Hospital Road, Maijdee Cort, Noakhali","Pathological Tests - 25%, Radiology & Imaging - 15% Discount obtainable in OPD services","Md. Saddam Hossain, +880 1825 292 702, noakhaliroyalhospital@gmail.com",Cashless facilities obtainable on IPD service
0438,Apollo Imperial Hospital Chattogram,Chattogram,Chattogram,Chattogram,"Zakir Hossain Road, Pahartoli, Chattagram","Pathological Tests - 10%, Radiology & Imaging - 10% Discount obtainable in OPD services","Sujoy Biswas, Mobile: 01711998202",Cashless facilities obtainable on IPD service
0447,Bellevue Hospital (PVT),Chattogram,Chandpur,Chandpur,"Dorji Ghat, Bongobandhu Sharak, Chandpur","Pathological Tests - 35%, Radiology & Imaging - 25% Discount obtainable in OPD services","Probir Sarkar, Mobile: 01711159815, 01712231982",Cashless facilities not applicable on IPD service
0448,CSCR (PVT) Ltd Chattogram,Chattogram,Chattogram,Chattogram,"1675/A, O.R Nizam Road, Chattogram","Pathological Tests - 20%, Radiology & Imaging - 15% Discount obtainable in OPD services","Md. Azizur Rahman 01727069922, Md. Nayem Uddin 01625350625",Cashless facilities not obtainable on IPD service
0449,Union Hospital,Chattogram,Cox's Bazar,Cox's Bazar,"Hospital Road, Cox's Bazar Sadar, Bangladesh","Pathological Tests - 30%, Radiology & Imaging - 20%, Medicine-5% Discount obtainable in OPD services","Mohammad Abdullah 01828718777, Sontosh Badeggya 01817207138",Cashless facilities obtainable on IPD service
0455,Famous Specialized Hospital.,Chattogram,Chandpur,Chandpur,"Chandpur Sadar, Near Diabetic Hospital","Pathology Test-25%, Radiological Test- 20%, Immunological/Microbiology/Blood Transfusion-20%, Full Body Checkup-30%, Covid Test: 2500-3000 BDT","Kamrul Islam Zoglu 01752462200, Md. Tasriq Hossain 01674426767",Cashless facilities obtainable on IPD service
0460,Star K.S Hospital,Chattogram,Lakshmipur,Lakshmipur,"Karim Tower-2, Ramgoti Diversion Road, Laksmipur Sadar","Pathological Tests - 35%, Radiology & Imaging - 25% Discount obtainable in OPD services",Md. Kamruddin 0191174411,Cashless facilities obtainable on IPD service
0468,Midland Hospital Pvt. Ltd,Chattogram,Chandpur,Chandpur,"Alim Para, Hazi Mohsin Road, Chandpur","Pathological Test-30%, Radiological Test-25%",Bappy Ch. Shaha 01736779674,Cashless facilities obtainable on IPD service
0532,Metro Hospital,Chattogram,Noakhali,Noakhali,"Hospital Road, Maisde, Noakhali","Pathology: 30%, Radiology: 20% Discount Obtained in OPD Service","Md. Nasir Uddin 01822818537, Mahabubur Rahman 01827864344",Cashless facilities obtainable on IPD service
0534,Chagalnaiya Square Hospital,Chattogram,Feni,Feni,"Chagalnaiya, Feni","Pathological Test-40%, Radiological Test-25% Discount Obtainable in OPD Service","Akramul Haque Rana 01811262229, Nurul Amin Faruk 01877307030",Cashless facilities applicable
0548,"Labaid Specialized Hospital, Chattogram",Chattogram,Chattogram,Chattogram,"O.R Nazim Road, Chattogram","Pathological Test-15%, Radiological Test-10%",Kishore Kanti Das 01766660137,Cashless facilities not obtainable on IPD service
0572,Child Care Hospital (Pvt) Ltd,Chattogram,Chattogram,Chattogram,"Treatment Center (2nd floor), 1000, Panchlaish R/A, Chattogram",No Discount on OPD Service,Showkat Hossain 01841055221,Facilities are no obtainable
0573,Treatment Hospital (Pvt) Ltd.,Chattogram,Chattogram,Chattogram,"1000, Panchlaish, Chattogram",No Discount on OPD Service,Rashedul Hoque 01894713333,Cashless Facilities are no obtainable
0581,Delta Health Care (Chittahong),Chattogram,Chattogram,Chattogram,"28, Katalgonj, Panchlaish, Chattogram","Pathology-40%, Radiology-20%",Sanjoy 01817795771,Cashless facilities not Obtainal on IPC Service
0586,Parkview Hospital & Diagnostic Ltd,Chattogram,Chattogram,Chattogram,"Katalgonj, Panchlaish Chattogram",No Discount on OPD Service,01819514174,Cashless Facilities are no Obtainal on IPC Service
0587,Asperia Helth Care Ltd (AHCL),Chattogram,Chattogram,Chattogram,"Al-Noor Badrun Center, 1486/1672, O.R Nizam Road, Probartak Circle, Chottogram",No Discount on OPD Service,01851388580,Cashless Facilities are no Obtainal on IPC Service
0602,Meghna Hospital,Chattogram,Noakhali,Noakhali,"Hospital Road, Maijdee Cort, Noakhali","Pathology-40%, Radiology-30%",Zihadul Islam 01827034158,Cashless facilities not obtainable on IPC Service
0006,Evercare Hospital Dhaka,Dhaka,Dhaka,Bashundhara,"Plot # 81, Block # E, Bashundhara, R/A, Dhaka -1229","No Discount On Opd (Out-Patient) Services, COVID-19 treatment available (Cashless facilities available)",10678,Cashless facilities are obtainable on IPD service
0413,York Hospital,Dhaka,Dhaka,Bariani,"House # 12 & 13, Road # 222, Block #K, Banani, Dhaka-1213","Pathological Tests - 30%, Radiology & Imaging - 15%, Physiotherapy-15%, Dental- 10% (without consul. fee), Vaccination- 10% Discount Obtained in OPD Service",Md. Abdullah 01993319520,"Cashless facilities are obtainable on IPD service, FMR services are available for upcoming policyholder"
0427,Bangladesh Eye Hospital & Institute Ltd. (Banani Unit),Dhaka,Dhaka,Banani,"House 138, Block C, Road 4 Niharika Concord Tower, 11th to 14th Floor, Dhaka, 1213",Investigation-10%,09613880880,Cashless facilities are obtainable on IPD service.
0428,Farazy Diagnostic & Hospital Ltd.,Dhaka,Dhaka,Baridhara,"1204, Madani Avenue, 100 Feet Road, Baridhara, Natun Bazar, Gulshan, Dhaka-1212","Pathological Tests - 30%, Radiology & Imaging -25% Discount obtainable in OPD services",Mohammed Zaker Hossain 01726 100 777,Cashless facilities are obtainable on IPD service
0294,Hitech Multicare Hospital Ltd,Dhaka,Dhaka,Cantonment,"164 East Kafrul, Dhaka Cantonment, Dhaka 1206.","Pathological Tests - 25%, Radiology & Imaging - 10% Discount obtainable in OPD services","Mr. Saifullah Sadek +880 1671 162 286, +8801713 095257, ss_sadeq@yahoo.com",Cashless facilities are obtainable on IPD service
0336,Padma General Hospital,Dhaka,Dhaka,Banglamotor,"290, Soanrgaon Road, Kathalbagan Dhal, Dhaka-1205","Pathological Tests -30%, Radiology & Imaging -20%, Medicine & Surgical - 10% Discount obtainable in OPD services","Md. Sirajul Islam +880 1711 127 314, +880 1913 096 667, spycpadma@gmail.com",Cashless facilities not applicable
0291,Anwer Khan Modern Hospital Limited,Dhaka,Dhaka,Dhanmondi,"Road # 8, House # 17, Dhanmondi, Dhaka-1205","Pathological Tests-25%, Radiology & Imaging-10% Discount obtainable in OPD services, COVID-19 treatment available (Cashless facilities available)",Badrul Alam Mukul Mobile: 01711927861,Cashless facilities are obtainable on IPD service
0135,Bangladesh Ent Hospital Limited,Dhaka,Dhaka,Dhanmondi,"41/A Mirpur Rd, Dhaka 1207","Pathological Tests - 20%, Radiology & Imaging - 10%, Sleep Study-10% Discount obtainable in OPD services","Mr. Abdul Quddus PK +880 1745 154 675, manager.ent15@gmail.com",Cashless facilities are obtainable on IPD service
0007,Central Hospital Limited,Dhaka,Dhaka,Green Road,"House No. 2. Road No. 5. Green Road, Dhanmondi, Dhaka-1205","Pathological Tests 30%, Radiology & Imaging-10% Discount obtainable in OPD services","Mr. Abdullah Al Mamun +880 1731213511, Tel: 029660015, mamunchl81@gmail.com",Cashless facilities are obtainable on IPD service
0142,Comfort Nursing Home (Pvt) Ltd,Dhaka,Dhaka,Green Road,"167/B, Green Road, Dhanmondi, Dhaka-1205","Pathological Tests -25%, Radiology & Imaging-20% Discount obtainable in OPD services, COVID-19 treatment available (Cashless available)","A.H.M. Kamruzzaman Talukder +880 1715 201 393, comfort@bol-online.com",Cashless facilities are obtainable on IPD service
0034,Ibn Sina Hospital,Dhaka,Dhaka,Dhanmondi,"House-68, Road-15/A, Dhanmondi R/A, Dhaka-1209. (Near Sankar Bus Stand)","Pathological Tests -35% (Except PCR), Radiology & Imaging-30% (Except MRI), Health Checkup Package -35% Discount obtainable in OPD services",Milan Hasan 01752464024,Cashless facilities are obtainable on IPD service
0008,Labaid Cardiac Hospital,Dhaka,Dhaka,Dhanmondi,"House # 1, Road # 4, Dhanmondi R/A, Dhaka-1205","Pathological Tests -15% (Except PCR & Nuclear Medicine), Radiology & Imaging-10% Discount obtainable in OPD services, COVID-19 treatment available","Mr. Salim +880 1766 660 444, corporateservices@labaidgroup.com",Cashless facilities are obtainable on IPD service
0014,Labaid Specialized Hospital,Dhaka,Dhaka,Dhanmondi,"House-1, Road-4, Dhanmondi R/A, Dhaka-1205","Pathological Tests - 15% (Except PCR & Nuclear Medicine), Radiology & Imaging-10% Discount obtainable in OPD services, COVID-19 treatment available",Md. Siddik 01716359009,Cashless facilities are obtainable on IPD service
0201,Japan Bangladesh Friendship Medical Services Ltd.,Dhaka,Dhaka,Dhanmondi,"55, Satmosjid Road, (Zigatola Bus Stand), Dhanmondi R/A, Dhaka-1209","Pathological Tests - 40%, Radiology & Imaging-25% Discount obtainable in OPD services, COVID-19 treatment available (Cashless not available)","Mr. Murad Hossain +880 01816 861 234, muradjbfh@gmail.com",Cashless facilities are obtainable on IPD service
0344,Dhanmondi Dental Center (0344),Dhaka,Dhaka,Dhanmondi,"Concord Arcadia, Road-05. Dhanmondi R/A, Dhaka-1209",Any Kind of Services -25% Discount obtainable in OPD services,Md. Soikot 01766306801,Cashless facilities not applicable
0360,Bangladesh Eye Hospital & Institute Ltd. Dhanmondi,Dhaka,Dhaka,Dhanmondi,"78, shat mosjid road. Dhanmondi, Dhaka",Investigation-10%,09666787878,Cashless facilities are obtainable on IPD service
0374,Labaid Cancer Hospital.,Dhaka,Dhaka,Green Road,"26 Green Road, Dhaka-1205","Pathological Tests - 20%, Radiology & Imaging-10% Discount Obtained in OPD Service",Rakib 01753889871,Cashless facilities are obtainable on IPD service
0411,Popular Medical College Hospital.,Dhaka,Dhaka,Dhanmondi,"House# 08, Road #02, Dhanmondi R/A, Dhaka -1205",No Discount obtained in OPD Service,Md. Abul Khair 01717439218,Cashless facilities are obtainable on IPD service
0104,Dohar General Hospital (Pvt) Ltd,Dhaka,Dhaka,Dohar,"Joypara, Dohar, Dhaka-1330","Pathological Tests - 20%, Radiology & Imaging -15% Discount obtainable in OPD services",A.K.M. Haroun Ur Rashid +880 1762 681004,Cashless facilities not applicable
0113,Joypara Clinic & Diagnostic Complex Ltd.,Dhaka,Dhaka,Dohar,"Lotakhola Main Road, Joypara, Dohar, Dhaka.","Pathological Tests - 30%, Radiology & Imaging - 20% Discount obtainable in OPD services",Md. Asadul Haque +880 1714 221 801,Cashless facilities not applicable
0036,Asgar Ali Hospital,Dhaka,Dhaka,Gandaria,"Namapara, Distrilary Road, Gandaria, Dhaka-1204","Pathological Tests - 10%, Radiology & Imaging - 10% Discount obtainable in OPD services",10602,Cashless facilities are obtainable on IPD service
0064,Shahabuddin Medical College & Hospital,Dhaka,Dhaka,Gulshan,"House-15-16, Road-113/A, Gulshan-2, Dhaka..","Pathological Tests - 25%, Radiology & Imaging -25% Discount obtainable in OPD services, COVID-19 treatment available",Shahidul Islam 01795556854,Cashless facilities are obtainable on IPD service
0016,United Hospital Limited,Dhaka,Dhaka,Gulshan,"Plot No. #15, Road No. # 71. Gulshan-2, Dhaka","Pathological Tests - 20%, Radiology & Imaging - 10% Discount obtainable in OPD services, COVID-19 treatment available (Cashless not available)",01914001366,Cashless facilities are obtainable on IPD service
0197,Bangladesh Specialized Hospital(Bsh),Dhaka,Dhaka,Kallyanpur-Shymaoli,"21, Shyamoli, Mirpur Road, Dhaka-1207","Pathological Tests - 25%, Radiology & Imaging - 15% Discount obtainable in OPD services, COVID-19 treatment available",Md. Fahad +880 1313 777 888,Cashless facilities are obtainable on IPD service
0057,Ibn Sina Medical College & Hospital,Dhaka,Dhaka,Kallyanpur-Shymaoli,"1/1-B, Kallyanpur, Mirpur Road, Dhaka-1216","Pathological Tests - 35% (Except PCR), Radiology & Imaging -30% (Except MRI), Health Checkup Package - 35% Discount obtainable in OPD services",Abdur Razzak 01822-780054,Cashless facilities are obtainable on IPD service
0318,Dhaka Central International Medical College & Hospital,Dhaka,Dhaka,Kallyanpur-Shymaoli,"2/1, Ring Road, Shyamoli, Dhaka-1207, Bangladesh","Pathological Tests - 35%, Radiology & Imaging - 30% Discount obtainable in OPD services",Md. Musa Ali 01814637930,Cashless facilities are obtainable on IPD service
0076,Sajida Hospital-Keranigonj Unit,Dhaka,Dhaka,Keranigonj,"Zinzira, Chatgaon, Keranigonj",Corporate rates applicable,Mr. Harun ur Rashid +880 1777 772 580,Cashless facilities are not obtainable on IPD service
0043,Dr. Sirajul Islam Medical College & Hospital Limited,Dhaka,Dhaka,Malibagh,"12/3, New Circular Road, Malibagh, Dhaka","Pathological Tests - 20%, Radiology & Imaging - 10% Discount obtainable in OPD services",Rajib 01611401045,Cashless facilities are obtainable on IPD service
0362,Bangladesh Eye Hospital & Institute Ltd.,Dhaka,Dhaka,Malibagh,"Shaan tower, 24/1, chamelibag, shantinagar, Dhaka",Investigation-10%,09613966966,Cashless facilities are obtainable on IPD service
0321,Delta Hospital Ltd.,Dhaka,Dhaka,Mirpur,"26/2. Principal Abul Kashem Road, Mirpur-01, Dhaka-1216, Bangladesh","Pathological Tests -30%, X-Ray & ECG-25%, Echocardiogram/Endoscopy/CT Scan-15%, Mammography -20%, OPD and Emergency (Consultation fees) -25% Discount",Md. Abul Kalam Azad 01714 454 236,Cashless facilities are obtainable on IPD service
0012,Al Helal Specialized Hospital Ltd.,Dhaka,Dhaka,Mirpur,"150, Rokeya Sarani, Senpara Parbata, Mirpur-10","Pathological Tests -25%, Radiology & Imaging-15% Discount obtainable in OPD services",Mr. Shafiqul Islam Talukder +880 1711 156 001,Cashless facilities are obtainable on IPD service
0011,Dr. Azmal Hospital Ltd,Dhaka,Dhaka,Mirpur,"House No. 05, Road No. 04, Block-A, Section - 06, Mirpur, Dhaka-1216","Pathological Tests 30%, Radiology & Imaging-30% Discount obtainable in OPD services",Abul Khair 01937016227,Cashless facilities are obtainable on IPD service
0022,Islami Bank Hospital,Dhaka,Dhaka,Mirpur,"Plot-31, Main Road-3, Block-D, Section-11, Mirpur, Dhaka","Pathological Tests - 40%, Radiology & Imaging -35% Discount obtainable in OPD services",Md. Lutfor Rahman 0171545 6848,Cashless facilities are obtainable on IPD service
0124,Kingston Hospital Ltd.,Dhaka,Dhaka,Mirpur,"House No: 51-54, Road No: 1&2, Block-D. Shahidbag, Mirpur, Dhaka","Pathological Tests - 30%, Radiology & Imaging - 15% Discount obtainable in OPD services",01991140263,Cashless facilities are obtainable on IPD service
0365,Bangladesh Eye Hospital & Institute Ltd.,Dhaka,Dhaka,Mirpur,"Sumi tower, 66 zoo road, Mirpur-2. Dhaka.",Investigation 10-%,09610989798,Cashless facilities are obtainable on IPD service
0160,Aalok Healthcare Ltd,Dhaka,Dhaka,Mirpur,"House No. #01 02, Road No. #02, Block No. # B, Section # 10, Mirpur, Dhaka-1216","Pathological Test-30%, Radiology & Imaging-20%",Motiur Rahman 01769969837,Cashless facilities are obtainable on IPD service
0015,Holy Family Red Crescent Medical College Hospital,Dhaka,Dhaka,Mogbazar,"1 Eskaton Garden Road, Moghbazar, Dhaka-1217","Pathological Test-20%, Radiology & Imaging-10% Discount Obtained On Opd (Out-Patient) Services, COVID-19 treatment available",Mr. Zakir Hossain +880 1754 294042,Cashless facilities are obtainable on IPD service
0146,Insaf Barakah Kidney & General Hospital,Dhaka,Dhaka,Mogbazar,"11-Shahid Tajuddin Ahmed Sharoni, Moghbazar, Dhaka-1217","Pathological Tests - 40%, Radiology & Imaging - 30% Discount obtainable in OPD services",Md. Hero Miah +880 1979 098 073,Cashless facilities are obtainable on IPD service
0013,Monowara Hospital (Pvt) Ltd.,Dhaka,Dhaka,Siddheswari,"54 Siddeshwari Road, Dhaka-1217","Pathological Tests - 10%, Radiology & Imaging - 10% Discount obtainable in OPD services",Md Syfullah Sayem 01771658053,Cashless facilities are obtainable on IPD service
0434,Fashion Eye Hospital & Institute,Dhaka,Dhaka,Mogbazar,"98/6/A Bara Mogbazar, Dhaka-1217",Investigation-10%,Md. Hasanuzzaman 0192999990127,Cashless facilities are obtainable on IPD service
0099,Metropolitan Medical Centre Ltd,Dhaka,Dhaka,Mohakhali,"46 Shaheed Tajuddin Ahmed Sharani, Mohakhali, Dhakal","Pathological Tests - 20%, Radiology & Imaging - 10% Discount obtainable in OPD services",Mr. A.K.M Faridul Alam +880 1712 103 162,Cashless facilities are obtainable on IPD service
0002,Universal Medical College & Hospital Ltd.,Dhaka,Dhaka,Mohakhali,"74G/75, Peacock Square, New Airport Road, Mohakhali, Dhaka-1215","Pathological Tests -25%, Radiology & Imaging - 15%, On OPD consultation-less BDT. 100/-, Empl/Executive Health Checkup-30%",Mr. Aminul Islam Sumon +880 1841 490 025,Cashless facilities are obtainable on IPD service
0295,Al-Manar Hospital Ltd.,Dhaka,Dhaka,Mohammadpur,"Plot-Umo, Block-Rossoi, Satmasjid Road (Opposite to Govt. Physical College) Mohammadpur","Pathological Tests -40%, Radiology & Imaging-30% Discount obtainable in OPD services.",Mr. Mezba +880 1617205222,Cashless facilities not applicable
0048,City Hospital Limited,Dhaka,Dhaka,Mohammadpur,"House No. # 1/8, Block # E Lalmatia, Mohammadpur, Dhaka-1207","Pathological Tests - 35%, Radiology & Imaging - 20% Discount obtainable in OPD services",Nifaz Fatema (Irani) 01551 244 159,Cashless facilities are obtainable on IPD service
0023,"Islami Bank Hospital, Motijheel Unit",Dhaka,Dhaka,Motijheel,"24/B. Outer Circular Road, Motijheel, Dhaka-1217.","Pathological Tests - 40%, Radiology & Imaging-35% Discount obtainable in OPD services",Md. Atiqur Rahman 01716907133,Cashless facilities are obtainable on IPD service
0021,"Islami Bank Central Hospital, Kakrail Unit",Dhaka,Dhaka,Kakrail,"30, Anjuman Mufidul Islam Road, Kakrail, Dhaka-1000","Pathological Tests -40%, Radiology & Imaging - 35% Discount obtainable in OPD services",Md. Abdul Kuddus 01716606231,Cashless facilities are obtainable on IPD service
0024,Islami Bank Specialized & General Hospital,Dhaka,Dhaka,Motijheel,"71-72 VIP Road, Naya Paltan, Motijheel, Dhaka-1000.","Pathological Tests - 40%, Radiology & Imaging -35% Discount obtainable in OPD services",Md. Rafiqul Islam 01917376013,Cashless facilities are obtainable on IPD service
0068,Pan Pacific Hospital,Dhaka,Dhaka,Motijheel,"Shahjahanpur, Dhaka-1000","Pathological Tests - 40%, Radiology & Imaging - 20% Discount obtainable in OPD services",Mr. Kazi Reazul Islam +08801711221671,Cashless facilities are obtainable on IPD service
0025,"Islami Bank Hospital, Mugda Unit",Dhaka,Dhaka,Mugdha,"1/24/B, South Mugdhapara, Mugdha, Dhaka-1214.","Pathological Tests - 40%, Radiology & Imaging-35% Discount obtainable in OPD services",02 7274200-4,Cashless facilities are obtainable on IPD service
0203,Monowara Orthopedic & General Hospital,Dhaka,Dhaka,Mugdha,"35/7/1, Golapbag, Biswa Road, Dhaka-1203","Pathological Tests - 40%, Radiology & Imaging -25% Discount obtainable in OPD services",Rafiqul Islam Kiron +880 1916 364 405,Cashless facilities not applicable
0117,Paragon Hospital,Dhaka,Dhaka,Nawabgonj,"Kashimpur, Nawabgonj, Dhaka","Pathological Tests - 30%, Radiology & Imaging -20% Discount obtainable in OPD services",Saidur Rahman (Shetu) +8801819183141,Cashless facilities are obtainable on IPD service
0032,Green Life Hospital Ltd.,Dhaka,Dhaka,Green Road,"32, Green Road, Dhaka-1205","Pathological Tests - 20%, Radiology & Imaging -20% Discount obtainable in OPD services, COVID-19 treatment available",02-9612345,Cashless facilities are obtainable on IPD service
0003,Samorita Hospital Ltd,Dhaka,Dhaka,Panthapath,"89/1 Panthapath, Dhaka-1215.","Pathological Tests - 20%, Radiology & Imaging - 20%, Executive & Cardiac Checkup 25% Discount, COVID-19 treatment available",Mr. Md. Nazim uddim +880 1711 835 011,Cashless facilities are obtainable on IPD service
0004,Square Hospitals Ltd,Dhaka,Dhaka,Panthapath,"18/F West Pantahpath, Dhaka-1207","No Discount On Opd (Out-Patient) Services, COVID-19 treatment available","Hot Line: 10616, Tel:02 8142431",Cashless facilities are obtainable on IPD service
0138,BRB Hospitals Limited,Dhaka,Dhaka,Panthapath,"77/A, East Razabazar, West Panthapath, Dhaka","Pathological Tests - 20%, Radiology & Imaging - 15% Discount obtainable in OPD services",09610-010647,Cashless facilities are obtainable on IPD service
0317,SIBL Foundation Hospital and Diagnostic Center,Dhaka,Dhaka,Panthapath,"Fattah Plaza, 70, Green Road, Panthapath, Dhaka-1205, Bangladesh","Pathological Tests - 35%, Radiology & Imaging -30% Discount obtainable in OPD services, COVID-19 treatment available",Md. Mahbubur Rahman +88001991150916,Cashless facilities are obtainable on IPD service
0141,Farazy Hospital Ltd.,Dhaka,Dhaka,Rampura/Banosree,"House #15-19, Block-E, Main Road, Banasree, Rampura, Dhaka-1219","Pathological Tests - 30% (Upto), Radiology & Imaging -25% (Upto) Discount obtainable in OPD services",Mr. Rubel +880 1882 084 406,Cashless facilities are obtainable on IPD service
0424,Famous Specialized Hospital.,Dhaka,Dhaka,Rampura/Banosree,"House #05, Block-H, Main Road, Meradia Bazar, Banasree, Dhaka-1219","Pathology Test-25%, Radiological Test-20%, Immunological/Microbiology/Blood Transfusion-20%, Full Body Checkup-30%, Covid Test: 2500-3000 BDT",Md. Rafi 01303878869,Cashless facilities are not obtainable on IPD service
0241,Al-Karim Genarel Hospital Ltd.,Dhaka,Dhaka,Sayedabad,"Hazi Borhan Uddin Tower, 17/A, North Sayedabad, Dhaka-1100","Pathological Tests - 40%, Radiology & Imaging -30% Discount obtainable in OPD services",01970499351,Cashless facilities are obtainable on IPD service
0033,Ibrahim Cardiac Hospital & Research Institute,Dhaka,Dhaka,Shahbagh,"122 Kazi Nazrul islam Avenue, Shahbagh, Dhaka 1000",No Discount On Opd (Out Patient) Services,Mr. Masum Khan +880 1552 307 506,Cashless facilities are obtainable on IPD service
0072,M H Samorita Hospital & Medical College,Dhaka,Dhaka,Tejgaon,"117 Tejgaon, Love Rd, Dhaka 1208","Pathological Tests - 30%, Radiology & Imaging - 20%, OPD consultation fee - 30% Discount obtainable in OPD services, COVID-19 treatment available",Yeakub Ali 01847157248,Cashless facilities are obtainable on IPD service (COVID treatment cashless not available)
0001,Salauddin Specialized Hospital Limited,Dhaka,Dhaka,Tikatuli,"44/A, Salauddin Bhaban, Hatkhola Road, Tikatuli, Wari, Sutrapur, Dhaka 1203.","Pathological Tests - 20%, Radiology & Imaging - 10%, Physiotherapy, Dental & Vaccination - 10% Discount",Nahida Jahan Runa +8801856 439 818,N/A
0020,Enam Medical College & Hospital Pvt Ltd,Dhaka,Dhaka,Savar,"9/3, Parboti nagar, Savar Thana Road, Shabhar 1340","Pathological Tests - 25%, Radiology & Imaging - 15% (Except Angiogram) Discount obtainable in OPD services",Mr. Md. Hizbul Bahar Jewel +880 1708 153956,Cashless facilities are obtainable on IPD service
0019,Savar Prime Hospital,Dhaka,Dhaka,Savar,"A/89, Talbag,Savar Thana Road, Savar-1340","Pathological Tests - 35%, Radiology & Imaging - 20% Discount obtainable in OPD services",Mr. Zubayer Khan +880 1751 855 994,Cashless facilities are obtainable on IPD service
0079,Hemayetpur General Hospital & Diagnostic Centre,Dhaka,Dhaka,Savar,"Reshepara, Singair Road, Hemayetpur, Savar","Pathological Tests - 50%, Serological & Hormone 30%, Radiology & Imaging - 25% Discount obtainable in OPD services",Absar Akib Hasan +880 1705 786 043,Cashless facilities not applicable
0202,Shin Shin Japan Hospital Ltd.,Dhaka,Dhaka,Uttara,"House No. #63, Road No. # 13, Sector #13, Uttara","Pathological Tests - 30%, Radiology & Imaging - 20% Discount obtainable in OPD services",Zahidul Islam +880 1916 265 056,Cashless facilities are obtainable on IPD service
0010,Uttara Crescent Clinic Ltd.,Dhaka,Dhaka,Uttara,"House # 21, Road # 15, Sector # 3, Uttara, Dhaka 1230","Pathological Tests - 25%, Radiology & Imaging - 20% Discount obtainable in OPD services, COVID-19 treatment available",Ms. Rexona +880 1926 993 211,Cashless facilities are obtainable on IPD service
0361,Bangladesh Eye Hospital & Institute Ltd.,Dhaka,Dhaka,Uttara,"Plot-31, road-14, sector 13,Uttara, Dhaka",Investigation-10%,01787665944,Cashless facilities are obtainable on IPD service
0009,Lubana General Hospital (Pvt) Ltd,Dhaka,Dhaka,Uttara,"9 Garib-E-Newaz Avenue,Sector # 13, Uttara Model Tow",N/A,N/A,N/A
0208,Faridpur Desh Clinic,Dhaka,Faridpur,Faridpur,"Kabi Jasimuddin Road, Faridpur","Pathological Tests - 40%, Radiology & Imaging - 20% Discount obtainable in OPD services",Mr. Mizanur Rahman +880 1711 901 022,Cashless facilities not applicable
0045,Islami Bank Community Hospital Faridpur Ltd.,Dhaka,Faridpur,Faridpur,"Alipur, Faridpur","Pathological Tests - 30%, Radiology & Imaging - 30% Discount obtainable in OPD services",Ms. Lucky Akter +880 1791 102 091,Cashless facilities are obtainable on IPD service
0065,Modern Sina Hospital,Dhaka,Gazipur,Gazipur,"Joydevpur, Gazipur","Pathological Tests - 25%, Radiology & Imaging - 15% Discount obtainable in OPD services",Mr. KM Mowajjim Hossain +880 1987 263 747,Cashless facilities are obtainable on IPD service
0206,Mother’S Care & General Hospital,Dhaka,Gazipur,Gazipur,"Mawna Chowrasta, Sreepur, Gazipur.","Pathological Tests - 20%, Radiology & Imaging - 20% Discount obtainable in OPD services",Mr. A.A Ma,N/A
0240,President Abdul Hamid Medical College,Dhaka,Kishoreganj,Kishoreganj,"Dactarbari, Zafrabad, Karimganj, Kishorganj","Pathological Tests - 20%, Radiology & Imaging - 10% Discount obtainable in OPD services",Rinku Chandra 01629469498,Cashless facilities are not obtainable on IPD service
0308,Nurjehan Selim Niramoy Hospital,Dhaka,Madaripur,Madaripur,"College Road, Madaripur Sadar, Madaripur","Pathological Tests - 20%, Radiology & Imaging - 10% Discount obtainable in OPD services",Mr. Sarawar Hossain +880 1920 890 006,Cashless facilities are obtainable on IPD service
0314,Monno Medical College & Hospital.,Dhaka,Manikganj,Manikganj,"Monno City, Gilond, Manikgonj- 1800","Pathological Tests - 20%, Radiology & Imaging - 15% Discount obtainable in OPD services",Md. Abu Daud Sarkar +880 1713 858 711,Cashless facilities are obtainable on IPD service
0044,Islami Bank Community Hospital Manikgonj Ltd.,Dhaka,Manikganj,Manikganj,"Joyra Road, Manikgo",N/A,N/A,N/A
0242,Nipun Diagnostic & Clinic,Dhaka,Shariatpur,Shariatpur,"Hospital Road, Shariatpur – 8000","Pathological Tests - 15%, Radiology & Imaging - 10% Discount obtainable in OPD services",Md. Mozaffor 01719876190,Cashless facilities are obtainable on IPD service
0063,Aysha Khanom Memorial hospital,Dhaka,Tangail,Tangail,"Khan Plaza, Main Road, Tangail","Pathological Tests - 35%, Radiology & Imaging - 30% Discount obtainable in OPD services",Fayzul Islam Khan 01316960430,Cashless facilities are obtainable on IPD service
0056,Sheba Clinic & Hospital,Dhaka,Tangail,Tangail,"Old Bus Stand, Tangail","Pathological Tests - 35%, Radiology & Imaging - 30% Discount obtainable in OPD services",Mr. Nurul Amin +880 1881 009 205,Cashless facilities are obtainable on IPD service
0445,Z.H Shikder Women's Medical College & Hospital,Dhaka,Dhaka,Gulshan,"House No. # 05, Road No. # 104, Gulshan-2, Dhaka 1212","Pathological Tests - 30%, Radiology & Imaging - 20%",N/A,N/A
0450,Upasham Health Point (PVT.) Ltd,Dhaka,Dhaka,Baridhara,"1204, Madani Avenue, 100 Feet Road, Baridhara, Natun Bazar, Gulshan, Dhaka-1212","Pathological Tests - 25%, Radiology & Imaging - 20% Discount obtainable in OPD services",Mohammad Feroz Alam Mobile: 01970970526,Cashless facilities are obtainable on IPD service
0451,Anwer Khan Modern Maa O Shishu Hospital Limited,Dhaka,Dhaka,Dhanmondi,"Road # 8, House # 17, Dhanmondi, Dhaka-1205","Pathological Tests -25%, Radiology & Imaging- 10% Discount obtainable in OPD services, COVID-19 treatment available",Badrul Alam Mukul 01711927861,Cashless facilities are obtainable on IPD service
0456,Anwer Khan Modern Diagnostic Center & Hospital Outdoor Service,Dhaka,Dhaka,Banani,"Plot # 11, Rod #11, Block # G, Banani, Dhaka","Pathological Tests - 40%, Radiology & Imaging - 30%",01705-407170,N/A
0462,New Shafipur General Hospital,Dhaka,Gazipur,Gazipur,"Shafipur, Gazipur",N/A,N/A,N/A
0465,AMZ Hospital Ltd,Dhaka,Dhaka,Badda,"Cha- 80/3, Shadinota Sarani, North Badda, Dhaka","Pathology-25%, Radiology-10% Discount obtainable in OPD services",Md. Masum Billah 01409961033,Cashless facilities not applicable
0469,Long Life Hospital Ltd,Dhaka,Dhaka,Dhanmondi,"161/A Lake Circus Kalabagan, Dhaka-1205","Pathological Tests -30%., Radiology & Imaging- 20% Discount obtainable in OPD services",Md. Nizam Uddin 01736199500,Cashless facilities are not obtainable on IPD service
0470,Islami Bank Hospital & Cardiac Center,Dhaka,Dhaka,Mirpur,"Plot- 19, 20, 21, 22 Main Road- 3, Dhaka 1216","Pathological Tests - 40%, Radiology & Imaging - 35% Discount obtainable in OPD services",Md. Soliman Howladar 01748422931,Cashless facilities are obtainable on IPD service
0473,Aladin's General Hospital,Dhaka,Dhaka,Savar,"Joypura Bus Stand, Dhamrai, Savar, Dhaka.","Room Rent: 30%, Pathological Test: 30%-40%, Radiological Test: 30%",Ariful Is,N/A
0512,Dristi Eye Hospital Banasree Ltd,Dhaka,Dhaka,Banasree,"48 Rd 3/A, Block # E, Rampura Banosree, Dhaka","Investigation -25%., Consultancy- 20%, Optics- 10% Discount obtainable in OPD services",Rasel Uddin Ahmed 01988815741,Cashless facilities are obtainable on IPD service
0519,Bangladesh Spine and Orthopaedic Hospital,Dhaka,Dhaka,Kallyanpur-Shymaoli,"10, Main Road, Kallyanpur, Dhaka","Pathological Tests - 30%, Radiology & Imaging - 20%, Ct Scan & MRI - 30% Discount obtainable in OPD services",Amit Sarker 01740212303,Cashless facilities not applicable
0522,Nagorik Specialized Hospital Limited,Dhaka,Dhaka,Aftabnagar,"House # 59, Block # C, Main Road, Jahurul Islam City, Aftabnagor, Dhaka 1212","Pathology- 30%, Radiology- 20% Discount Obtained in IPD Service",Mustafiul Alam 01758472785,Cashless facilities are obtainable on IPD service.
0527,Farabi General Hospital Ltd.,Dhaka,Dhaka,Dhanmondi,"House# 08, Road# 14, Dhanmondi R/A, Dhaka 1209.","Pathology- 25%, Radiology- 10%",Dr. Dipta Paul 01777011723,N/A
0543,Badda General Hospital & Diagnostic Center (Pvt) Ltd,Dhaka,Dhaka,Badda,"Ka-64, Shahjadpur, Badda, Gulshan, Dhaka","Pathological Test: 30%, Radiological Test: 20%",Md. M.H Sohel 01719641130,Cashless facilities not applicable
0541,Farazy Hospital Ltd. (Unit-2),Dhaka,Dhaka,Banasree,"House-61/1, Road-04, Block-G, Banasree, Rampura, Dhaka-121","Pathological Tests - 30% (Upto), Radiology & Imaging - 25% (Upto) Discount obtainable in OPD services",Md. Rubel Hossain 01845444444,Cashless facilities are obtainable on IPD service
0546,Haji Shakhwat Anwara Eye Hospital Ltd.,Dhaka,Dhaka,Kakrail,"73, Kakrail (Eastern Commercial Complex), Dhaka-1000","Pathological Test-25%, Radiological Test-10%",Gautam Kumar Dhali 01858207737,Cashless facilities are obtainable on IPD service
0549,Dhaka Community Medical College Hospital,Dhaka,Dhaka,Mogbazar,"190/1, Boro Mogbazar, Wireless Railgate, Dhaka 1217","Pathological Tests - 10%, Radiology & Imaging - 10% Discount obtainable in OPD services",Moin Ahmed 01722575909,N/A
0556,Advance Care Specialized Hospital,Dhaka,Narayanganj,Narayanganj,"Chittagong Road, Siddhirgonj, Narayangonj","Pathological Test- 35%, Radiological Test- 20%",Md. Nur E Alam Siddique 01966673335,Cashless facilities are obtainable on IPD service
0557,Liza Health Care,Dhaka,Rajbari,Rajbari,"Pangsha, Rajbari","Pathology- 40%, Radiology- 20%",Nizam Uddain 01718922878,Cashless Facilities are not Obtainable.
0577,Gulshan Specialized Eye Hospital,Dhaka,Dhaka,Gulshan,"House # I, Road #7, Gulshan-1, Dhaka-1212","Investigation- 10%, Optics- 5%",Bishwajit Chakraborty 01611082324,Cashless facilities are not obtainable.
0578,Sara Hospital & Diagnostic,Dhaka,Dhaka,Mirpur,"Plot No-1/15-18, Road-06, Block-D, Section-12, Mirpur","Pathology: 30%, Imaging: 20%",Shahidul Islam 01805031345,Cashless Facilities are obtainable on IPD Service
0589,Habib Hospital,Dhaka,Dhaka,Savar,"Polashbari, Nabinagar, Kaliakoir Road, Ashulia, Dhaka","Pathology- 20%, Radiology- 20%",Sazzad Hossain 01906197863,Cashless Facilities are obtainable on IPD
0591,Aristo Eye Hospital Ltd,Dhaka,Dhaka,Dhanmondi,"House # 16, Road # 06, Dhanmondi, Dhaka-1209",Investigation- 10%,Md. Anamul Haque 01404436708,Cashless Facilities are Obtainable on IPD Service
0592,Micare Health Ltd,Dhaka,Dhaka,Shyamoli,"Shyamoli Cinema Hall Complex, Ring Road, Shyamoli, Mohammadpur, Dhaka-1207","Pathology- 35%, Radiology- 25%",Aminul Islam 01898803006,Cashless Facilities are Obtainable on IPD Service
0082,Fatema Momtaj Clinic,Khulna,Bagerhat,Bagerhat,"College Road, Morrelganj, Bagerhat Sadar","Pathological Tests - 25%, Radiology & Imaging - 25% Discount obtainable in OPD services","Mr. Azi Murad Sikder +880 1712 039 386, fatemamamotazcllinic@gmail.com",Cashless facilities not applicable
0298,Woodland Surgical And Medical Hospital,Khulna,Bagerhat,Bagerhat,"Puratan Bazar, Bagerhat Sadar, Bagerhat-9300","Pathological Tests - 30%, Radiology & Imaging - 25% Discount obtainable in OPD services","Mr. Ragib Ahsan +880 1720 994 997, ragib72@gmail.com",Cashless facilities not applicable
0300,Fatema Hospital & Diagnostic Centre Pvt,Khulna,Chuadanga,Chuadanga,"Fatema Tower, High road Alamdanga, Chuadanga","Pathological Tests - 40%, Radiology & Imaging - 20% Discount obtainable in OPD services","Md. Ashraful Islam +880 1712 106 473, fatema.phdc@gmail.com",Cashless facilities not applicable
0293,Ibn Sina Hospital,Khulna,Jessore,Jessore,"House No # 68, Jail Road, Daratana, Ghop, Jashore","Pathological Tests - 35% (Except PCR), Radiology & Imaging - 30% (Except MRI), Health Checkup Package - 35% Discount",Mr. Israil Hossain +880 1934 330 845,Cashless facilities are obtainable on IPD service
0204,Jashore Adhunik Hospital,Khulna,Jessore,Jessore,"Ghop Central Road, Rajur More, Jashore","Pathological Tests - 35%, Radiology & Imaging - 20% Discount obtainable in OPD services",Mr. Uzzal Kumar B. +880 1919 744 518,Cashless facilities are not obtainable on IPD service
0051,Unique Hospital & Diagnostic Center,Khulna,Jessore,jessore,"Ghop Nawapara Road, Jashore Special","- Pathological Tests - 35%, - Radiology & Imaging - 35% - Discount obtainable in OPD services","Mr Azmol +880 1711 310 294, azmalhossain1000@gmail.com",Cashless facilities are obtainable on IPD service
0042,Islami Bank Community Hospital,Khulna,Jhenaidah,Jhenaidah,"Chuadanga Bus Stand, Jhinaidah","Pathological Tests - 30%, Radiology & Imaging - 30% Discount obtainable in OPD services","Md. Asaduzzaman 01946109044, ibchjl@gmail.com",Cashless facilities are obtainable on IPD service
0027,"Islami Bank Hospital, Khulna",Khulna,Khulna,khulna,"42, Khanjahan Ali Road, Khulna","Pathological Tests - 35%, Radiology & Imaging - 30% Discount obtainable in OPD services","Md. Imran Hossain Mobile: +8801675 223 072, ibh_khulna@yahoo.com",Cashless facilities are obtainable on IPD service
0320,Nargis Memorial Hospitals (Pvt) .Ltd.,Khulna,Khulna,khulna,"61 S Central Rd, Khulna 9100, Bangladesh","Pathological Tests - 20%, Radiology & Imaging - 20%, Medicine & Surgicals - 08% Discount obtainable in OPD services",Mr. Nasir Uddin Shaikh +880 1711 298 376,Cashless facilities not applicable
0292,Khulna City Medical College Hospital,Khulna,Khulna,khulna,"25-26, KDA Ave, Khulna","Pathological Tests - 25%, Radiology & Imaging - 20% Discount obtainable in OPD services",Sheikh zahid hossain 01989995011,Cashless facilities are obtainable on IPD service
0364,Bangladesh Eye Hospital & Institute Ltd.,Khulna,Khulna,khulna,"9 B mojid soroni shibbari. Khulna 9100,",Investigation-10%,01799209075,Cashless facilities are obtainable on IPD service
0049,Sono Hospital Ltd.,Khulna,Kushtia,Kushtia,"Sono Tower, College More, Courtpara, Kushtia-7000","Pathological Tests - 10%, Radiology & Imaging - 10%, CT, MRI & EEG-5% Discount obtainable in OPD services",Mr. Sawpon +880 1715 975 074,Cashless facilities are obtainable on IPD service
0102,Garib Shah Clinic & Diagnostic Centre,Khulna,Magura,Magura,"West Side of Sadar Hospital, Hospital Para, Magura","Pathological Tests - 30%, Radiology & Imaging - 20% Discount obtainable in OPD services",Mr. Mostak Ahmed +880 1917 629 052,Cashless facilities are obtainable on IPD service
0101,Kalia Surgical Clinic & Diagnostic Centre,Khulna,Narail,Narail,"Kalia Upazila Main Gate, Kalia, Narail","Pathological Tests - 30%, Radiology & Imaging - 25% Discount obtainable in OPD services",Dr. Motalib Hossain +880 1711 210 634,Cashless facilities not applicable
0017,Islami Bank Community Hospital Sathkhira Ltd.,Khulna,Satkhira,Satkhira,"Narkel Tolar More, Polashpole, Satkhira","Pathological Tests - 30%, Radiology & Imaging -30% Discount obtainable in OPD services",Anower Hossain 01711444641,Cashless facilities are obtainable on IPD service
0432,"Heart Foundation & Intensive Care Hospital, Satkhira.",Khulna,Satkhira,Satkhira,"Satkhira Road, Satkhira","Pathological Tests - 50%, Radiology & Imaging - 35% Discount obtainable in OPD services",DEBBROTO SARKER 01924388805,Cashless facilities are not obtainable on IPD service
0513,Dristi Eye Hospital Satkhira Ltd,Khulna,Satkhira,Satkhira,Khulna - Satkhira Rd. Satkhira 9400,"Investigation-25%., Consultancy-20%, Optics-10% Discount obtainable in OPD services",Ahsan Habib 01958680327,Cashless facilities are obtainable on IPD service
0514,Dristi Eye Hospital Kushtia Ltd,Khulna,Kushtia,Kushtia,"Islamic University Bus Stoppage, Kushtia - Jhenaidah Hwy, Kushtia","Investigation-25%., Consultancy-20%, Optics-10% Discount obtainable in OPD services",Sohanur Rahman 01988815737,Cashless facilities are obtainable on IPD service
0516,Queens Hospital,Khulna,Jessore,Jessore,"Jail Road, Jessore-7400","Room-15%, Pathology-15% to 25%, Radiology-15% to 20%",Mithu Saha 01712821364,Cashless facilities not applicable
0530,Gazi Medical College & Hospital,Khulna,Khulna,Khulna,"A 19-21, Majid Sarani, Sonadanga, Khulna","Pathological Tests -25%, Radiology & Imaging - 15%",Asbur Rahman Anik 01407031095,Cashless facilities are obtainable on IPD service
0598,Sandhani Medical Care & Hospital Ltd,Khulna,Khulna,Khulna,"A-17, Majid Saroni, Sonadanga Khulna,","Pathology-25%, Radiology-15%",SH Aakash 01335067614,Cashless Facilities are obtainable on the IPD Service.
0312,Appolo Private Hospital,Mymensingh,Netrokona,Netrokona,"Sayad Mansion, Teribazar, Netrakona.","Pathological Tests -30%, Radiology & Imaging - 20% Discount obtainable in OPD services",Sagar Sarker 01766428423,Cashless facilities are not obtainable on IPD service
0425,Jinia General (Pvt) Hospital,Mymensingh,Sherpur,Sherpur,"Narayanpur Sherpur Town, Sherpur","Pathological Tests -35%, Radiology & Imaging -15%",Md. Masumbillah 01712191463,Cashless facilities are obtainable on IPD service
0054,Hazarat Shah Jamal General Hospital Ltd.,Mymensingh,Jamalpur,Jamalpur,"Dokkin Kacharipara, New College Road, Fisheries More, Jamalpur","Pathological Tests -25%, Radiology & Imaging -25% Discount obtainable in OPD services",Azam 01790360441,Cashless facilities are obtainable on IPD service
0055,Jamalpur Central Hospital,Mymensingh,Jamalpur,Jamalpur,"Amlapara Medical Rd, Jamalpur 2000","Pathological Tests -30%, Radiology & Imaging - 30% Discount obtainable in OPD services",Mr. Sharmin Akter +880 1865 037 605,Cashless facilities are obtainable on IPD service
0145,Manob Sheba Hospital & Diagnostic Center,Mymensingh,Jamalpur,Jamalpur,"Shahid Harun Sarak, Jamalpur-2000","Pathological Tests -30%, Radiology & Imaging - 25% Discount obtainable in OPD services",Mr. Nazrul Islam +880 1730 169 776,Cashless facilities not applicable
0437,Jamalpur National Hospital,Mymensingh,Jamalpur,Jamalpur,"Shekhervita, Jamalpur-2000","Pathological Tests - 30%, Radiology & Imaging - 30% Discount obtainable in OPD services",Md. Abdul Wahed 01716319359,Cashless facilities are obtainable on IPD service
0122,City Hospital,Mymensingh,Jamalpur,Jamalpur,"Tomaltala Boro Moshjid road (Close to DBBL), Jamalpur","Pathological Tests -30%, Radiology & Imaging - 25% Discount obtainable in OPD services",Mr. Nazrul Islam +880 1730 169 776,Cashless facilities not applicable
0109,Pranto Specialized Hospital,Mymensingh,Mymensingh,Mymensingh,"67 Charpara,, Mymensingh","Pathological Tests -30%, Radiology & Imaging - 20% Discount obtainable in OPD services",Mr. Md. Nazim +880 1717 366 884,Cashless facilities are obtainable on IPD service
0047,Alchemy Hospital (Pvt) Ltd,Mymensingh,Mymensingh,Mymensingh,"333 Charpara More, Mymensingh","Pathological Tests -25%, Radiology & Imaging - 25% Discount obtainable in OPD services",Mojibur Rahman 01761778781,Cashless facilities are obtainable on IPD service
0234,"Delta Health Care, Mymensingh Ltd",Mymensingh,Mymensingh,Mymensingh,"55/4, 55/5, Charpara, Mymensingh.","Pathological Tests -25%, Radiology & Imaging - 20% Discount obtainable in OPD services",Mr. Kamrul Hasan +880 1847 158 323,Cashless facilities are obtainable on IPD service
0096,Sodesh Hospital (Pvt) .Ltd,Mymensingh,Mymensingh,Mymensingh,"298/2, Mymensingh 2200","Pathological Tests -30%, Radiology & Imaging - 10% Discount obtainable in OPD services",Refaz 01703505421,Cashless facilities are obtainable on IPD service
0520,MA Rashid Hospital,Mymensingh,Jamalpur,Jamalpur,"1072, Sardar Para, Jamalpur Sadar.","Pathology- 30%, Radiology-20% Discount Obtained in OPD Service",ABM Shamsuzzaman 01847414948,Cashless facilities are obtainable on IPD service.
0526,Bulbul General Hospital,Mymensingh,Jamalpur,Jamalpur,"Shekher Vita, Jamlpur","Pathology-25%, Radilogy-25%",Mehedi Hasan 01706294309,Cashless facilities are obtainable on IPD service
0533,Manav Seva (Pvt) Hospital & Diagnostic Center,Mymensingh,Netrokona,Netrokona,"Barhatta Road, Netrokona","Pathology: 30%, Radiology: 20% Discount Obtained in OPD Service",Md. Nurnobi Fakir 01714772240,Cashless facilities are obtainable on IPD service
0582,Mission Hospital (Pvt),Mymensingh,Netrokona,Netrokona,"Shakura Plaza, Kurpar, Netrokona Sadar, Netrokona","Pathology- 30%, Radiology-20%",Tarikul Islam Parash 01711025705,Cashless Facilities are obtainable on IPD service
0597,Jamalpur Imperial Hospital Ltd,Mymensingh,Jamalpur,Jamalpur,"Shekhervita, Jamalpur, Bangladesh","Pathology-25%, Radiology-25%",Saidur Rahman 01712029141,Cashless facilities are obtainable on IPD service
0345,Swadesh Hospital & Diagnostic Center,Rajshahi,Bogura,Bogura,"Namazgor More (Sultan Tower), Bogura","Pathological Tests -30%, Radiology & Imaging - 30%, Medicine & Surgical items- 5% Discount obtainable in OPD services",Shamim Hossain Mobile: 01712-174250,Cashless facilities are obtainable on IPD service
0346,Saic General Hospital,Rajshahi,Bogura,Bogura,"Thanthania, Bogura","Pathological Tests - 35%, Radiology & Imaging -20% Discount obtainable in OPD services",Uttam Kumar 01745181664,Cashless facilities are obtainable on IPD service
0335,Independent General Hospital,Rajshahi,Bogura,Bogura,"Sherpur Road, Colony, Bogura","Pathological Tests - 30%, Radiology & Imaging - 25%, Medicine & Surgical items- 5% Discount obtainable in OPD services",Shapla Khatun +880 1713 659 354,Cashless facilities are obtainable on IPD service
0357,Emu General hospital.,Rajshahi,Joypurhat,Joypurhat,"Amtoli Sadar, Joypurhat.","Pathological Tests -25%, Radiology & Imaging -25%, Service charge - 25% Discount obtainable in OPD services",Md. Mukul Hossain 0171 925 2458,Cashless facilities not applicable
0195,Doctor'S Clinic,Rajshahi,Joypurhat,Joypurhat,"Professor para, Madrasa Road, Joypurhat","Pathological Tests -15%, Radiology & Imaging - 15% Discount obtainable in OPD services",Dr. Nazrul Islam +880 1711 976 782,Cashless facilities are obtainable on IPD service
0073,Community Hospital Naogaon Ltd.,Rajshahi,Naogaon,Naogaon,"Chawk Enayet, Dayaler More, Naogaon","Pathological Tests - 30%, Radiology & Imaging - 30% Discount obtainable in OPD services",Khairul Islam +880 1913308608,Cashless facilities are obtainable on IPD service
0139,Anowar Clinic & Diagnostic Centre,Rajshahi,Natore,Natore,"Nazirpur Bazar, Natore","Pathological Tests -30%, Radiology & Imaging -30% Discount obtainable in OPD services",Mr. Amirul Islam +880 1723 469 560,Cashless facilities are obtainable on IPD service
0140,Hazera Clinic & Diagnostic Centre,Rajshahi,Natore,Natore,"Chanchkoir Kacharipara, Gurudashpur, Natore","Pathological Tests - 30%, Radiology & Imaging - 30% Discount obtainable in OPD services",Mr. Amirul Islam +880 1723 469 560,Cashless facilities are obtainable on IPD service
0095,Satata Specialized Hospital,Rajshahi,Natore,Natore,"Kanaikhali (In front of Sahara Plaza), Natore, Rajshahi","Pathological Tests -30%, Radiology & Imaging - 20% Discount obtainable in OPD services",Ms. Sohagi Rani (Belly) +880 1759 338 220,Cashless facilities are obtainable on IPD service
0098,Jalal Memorial Hospital,Rajshahi,Pabna,Pabna,"Sadar Hospital Road (Gudown More) Shalgarhia, Pabna","Pathological Tests -25%, Radiology & Imaging - 25% Discount obtainable in OPD services",Md. Shoriful Islam Joni 01746480122,Cashless facilities are obtainable on IPD service
0018,Islami Bank Medical College Hospital,Rajshahi,Rajshahi,Rajshahi,"Nowdapara, Biman Bandor Road, Sopura, Rajshahi","Pathological Tests -35%, Radiology & Imaging -30% Discount obtainable in OPD services",Md. Shina 01777 530704,Cashless facilities are obtainable on IPD service
0039,"Islami Bank Hospital, (Rajshahi Unit)",Rajshahi,Rajshahi,Rajshahi,"Laxmipur More, GPO-6000.","Pathological Tests - 35%, Radiology & Imaging - 30% Discount obtainable in OPD services",Md. Rafiqul Islam 01712663640,Cashless facilities are obtainable on IPD service
0040,Padma Clinic,Rajshahi,Rajshahi,Rajshahi,"Kazihata, Rajshahi","Pathological Tests - 10%, Radiology & Imaging - 10% Discount obtainable in OPD services",Dr. Ferdous Abir +880 1974 604 422,Cashless facilities are obtainable on IPD service
0112,Avicenna Hospital Limited,Rajshahi,Sirajganj,Sirajganj,"Mujib Road, Sirajgonj",Hospital Corporate rate Applicable,Mr. Ataur Rahman +880 1712 886 006,Cashless facilities not applicable
0111,Sakhawat H. Memorial Hospital & Diagnostic Centerltd,Rajshahi,Sirajganj,Sirajganj,"Hatikumrul, Golchattor, Sirajgonj","Pathological Tests - 35%, Radiology & Imaging - 25% Discount obtainable in OPD services",Mr. Shahjalal/Mr. Zakir +880 1712 473311,Cashless facilities not applicable
0545,Bangladesh Eye Hospital & Institute Ltd.,Rajshahi,Rajshahi,Rajshahi,"Eye 10 Tower Aam Chattar, Airport Road, Rajshahi 6203",Investigation: 10%,09643123123,Cashless facilities are obtainable on IPD service.
0550,Pabna Community Hospital,Rajshahi,Pabna,Pabna,"Nurpur Bypass Road, Pabna","Pathological Tests - 10%, Radiology & Imaging - 10% Discount obtainable in OPD services",Md. Abdul Mottalab 01720352943,Cashless facilities are obtainable on IPD service
0601,City Care Hospital,Rajshahi,Sirajganj,Sirajgonj,"SB Fozlul Hoque Road, Goshala, Sirajgonj","Pathology-35%, Radiology-25%",KM Nazmul Islam 01718708447,Cashless Facilities are obtainable on IPD Service.
0046,Islami Bank Community Hospital,Rangpur,Dinajpur,Dinajpur,"Medical College Road, Upashahar, Dinajpur.","Pathological Tests - 30%, Radiology & Imaging - 30% Discount obtainable in OPD services",Mr. Mokhles +880 1723 129 033,Cashless facilities are obtainable on IPD service
0405,Health Care (Pvt.) Hospital & Diagnostic Complex,Rangpur,Dinajpur,Dinajpur,"Upashahar-1, Sadar, Dinajpur.","Pathological Tests -25%, Radiology & Imaging - 20% Discount obtainable in OPD services",Md. Ajharul Islam 01723603788,Cashless facilities not applicable
0408,Apollo Hospital and Diagnostic Center,Rangpur,Gaibandha,Gaibandha,"Hospital Road, South side of Fair cervice, Gaibandha","Pathological Tests - 30%, Radiology & Imaging - 30% Discount obtainable in OPD services",Mr. Surjit Kumar Mohonto 01717984503,Cashless facilities are not obtainable on IPD service
0126,Sheba Clinic,Rangpur,Kurigram,Kurigram,"Ghoshpara, Hospital Road, Kurigram","Pathological Tests -20%, Radiology & Imaging - 10% Discount obtainable in OPD services",Md. Bakul Mia 01718877891,Cashless facilities are obtainable on IPD service
0226,Matin Clinic & Nursing Home,Rangpur,Lalmonirhat,Lalmonirhat,"Mission Road, Lalmonirhat","Pathological Tests - 30%, Radiology & Imaging - 15% Discount obtainable in OPD services",Mr. Ajaharul Islam +880 1740 251 912,Cashless facilities not applicable
0125,Niramoy Clinic & Diagnostic,Rangpur,Lalmonirhat,Lalmonirhat,"Near to Gias Uddin School, BDR Road, Lalmonirhat","Pathological Tests - 30%, Radiology & Imaging - 25% Discount obtainable in OPD services",Mr. Samsul Alam +880 1713 771624,Cashless facilities not applicable
0313,Doctor'S Hospital & Cardicare Diagnostic Centre,Rangpur,Nilphamari,Nilphamari,"T.R. Road (Dinajpur Road), Pauroshova More, Saidpur-5310, Nilphamari","Pathological Tests - 30%, Radiology & Imaging - 30% Discount obtainable in OPD services",Jibini Akter 01928660801,Cashless facilities are obtainable on IPD service
0038,Good Health Hospital,Rangpur,Rangpur,Rangpur,"Jail Road, Dhap, Rangpur Special Services","Pathological Tests - 20%, Radiology & Imaging - 20% Discount obtainable in OPD services",Mr. Masud Parvez +880 1716 390 554,Cashless facilities are obtainable on IPD service
0058,Islami Bank Community Hospital Rangpur Ltd.,Rangpur,Rangpur,Rangpur,"Jail Road, Dhap, Rangpur","Pathological Tests - 30%, Radiology & Imaging -30% Discount obtainable in OPD services",Mr. Masud +F880 1722 359 250,Cashless facilities are obtainable on IPD service
0131,Rangpur Community Medical College Hospital,Rangpur,Rangpur,Rangpur,"Medical East Gate, Gangachara Road, Rangpur","Pathological Tests - 30%, Radiology & Imaging - 20% (Except CT, MRI) Discount obtainable in OPD services",Mr. Jagodish +880 1729 876 528,Cashless facilities are obtainable on IPD service
0085,Rangpur Pain Paralysis & General Hospital,Rangpur,Rangpur,Rangpur,"Hajipara More, Kellabond, Dhap, Rangpur","Pathological Tests - 30%, Radiology & Imaging - 10% Discount obtainable in OPD services",Mr. Abdur Rouf +880 1715 766 440,Cashless facilities are not obtainable on IPD service
0407,Bin Omar Hospital,Rangpur,Rangpur,Rangpur,"Opposite of RAMC Shopping Complex, Dhap, R.K Road","Pathological Tests - 40%, Radiology & Imaging - 30% Discount obtainable in OPD services",Md. Omar Faruk 01742575269,Cashless facilities are not obtainable on IPD service
0050,Hasan General Hospital,Rangpur,Thakurgaon,Thakurgaon,"Clinic Lane, North Hazipara.","Pathological Tests - 30%, Radiology & Imaging -25% (BDT. 20/-less per X-Ray film) Discount obtainable in OPD services",Mr. Mainul Hasan +880 1713 225 053,Cashless facilities are obtainable on IPD service
0406,Seba Hospital,Rangpur,Thakurgaon,Thakurgaon,"Dr. Mannan Tawer, West side of Sadar Hospital, Thakurgaon.",No Discount on OPD Service,Shayed Iqbal Shishir 01748938922,Cashless facilities are not obtainable on IPD service
0199,Rabeya Clinic & Nursing Home,Rangpur,Gaibandha,Gaibandha,"Polashbari Road, Gaibandha Sadar.","- Pathological Tests - 20%, - Radiology & Imaging - 10% - Discount obtainable in OPD services",Mr. Mamunur R. Mondol Mobile: +880 1712 228 740,Cashless facilities are obtainable on IPD service
